timestamp,accel_x (m/s2),accel_y (m/s2),accel_z (m/s2)
0.00285760405815931,8.26478413085937,0.2681505859375,3.01669409179687
0.00571520811631861,9.44273134765625,-0.4213794921875,2.43729729003906
0.00857281217447792,9.423577734375,-0.464475122070312,2.42293208007812
0.0142908247612823,9.423577734375,-0.454898315429687,2.43250888671875
0.0200088373480867,9.41878933105469,-0.464475122070312,2.44687409667969
0.025726849934891,9.40921252441406,-0.44053310546875,2.33195241699219
0.0314463930121486,9.40921252441406,-0.488417138671875,2.4133552734375
0.0371659360894062,9.39963571777344,-0.454898315429687,2.35110603027344
0.0428854791666637,9.39484731445313,-0.426167895507812,2.42293208007812
0.0486804763454837,9.41400092773437,-0.4213794921875,2.31758720703125
0.0544754735243037,9.41400092773437,-0.435744702148437,2.38462485351562
0.0602704707031236,9.40442412109375,-0.349553442382812,2.31758720703125
0.0660697752821164,9.40442412109375,-0.4213794921875,2.33195241699219
0.0718690798611092,9.423577734375,-0.464475122070312,2.38941325683594
0.077668384440102,9.41400092773437,-0.426167895507812,2.40377846679687
0.0834700427517348,9.39484731445313,-0.474051928710937,2.375048046875
0.0892717010633675,9.423577734375,-0.450109912109375,2.42772048339844
0.0950733593750002,9.39963571777344,-0.45968671875,2.4133552734375
0.100877665798611,9.39963571777344,-0.435744702148437,2.40377846679687
0.106681972222222,9.40442412109375,-0.383072265625,2.40377846679687
0.112486278645832,9.41400092773437,-0.387860668945312,2.40377846679687
0.118293557725693,9.39963571777344,-0.387860668945312,2.4516625
0.124100836805553,9.39484731445313,-0.335188232421875,2.375048046875
0.129908115885414,9.43315454101563,-0.368707055664062,2.38941325683594
0.135777845920136,9.40921252441406,-0.411802685546875,2.36068283691406
0.141647575954858,9.41400092773437,-0.397437475585937,2.31758720703125
0.147517305989581,9.41400092773437,-0.383072265625,2.39420166015625
0.153389083767358,9.39005891113281,-0.392649072265625,2.37025964355469
0.159260861545135,9.40921252441406,-0.411802685546875,2.47560451660156
0.165132639322913,9.3852705078125,-0.373495458984375,2.39899006347656
0.171005423068571,9.34696328125,-0.4213794921875,2.37983645019531
0.17687820681423,9.41878933105469,-0.4213794921875,2.38941325683594
0.182750990559889,9.39484731445313,-0.368707055664062,2.40856687011719
0.18862738357204,9.41400092773437,-0.354341845703125,2.35110603027344
0.194503776584192,9.45709655761719,-0.335188232421875,2.37983645019531
0.200380169596343,9.41400092773437,-0.320823022460937,2.39420166015625
0.206328044704849,9.44751975097656,-0.335188232421875,2.42293208007812
0.212275919813356,9.42836613769531,-0.335188232421875,2.38462485351562
0.218223794921862,9.47146176757813,-0.32561142578125,2.39899006347656
0.224173541124119,9.42836613769531,-0.387860668945312,2.36547124023437
0.230123287326376,9.40442412109375,-0.378283862304687,2.36547124023437
0.236073033528633,9.37569370117187,-0.359130249023437,2.375048046875
0.242024364257799,9.39484731445313,-0.349553442382812,2.375048046875
0.247975694986965,9.40921252441406,-0.3447650390625,2.4133552734375
0.253927025716131,9.39963571777344,-0.32561142578125,2.37025964355469
0.259879804361963,9.41400092773437,-0.359130249023437,2.40377846679687
0.265832583007795,9.41878933105469,-0.339976635742188,2.42772048339844
0.271785361653627,9.43794294433594,-0.36391865234375,2.36068283691406
0.277739202039913,9.39963571777344,-0.36391865234375,2.37025964355469
0.283693042426198,9.42836613769531,-0.320823022460937,2.38941325683594
0.289646882812484,9.3852705078125,-0.354341845703125,2.39899006347656
0.295603572265608,9.36132849121094,-0.368707055664062,2.44208569335937
0.301560261718732,9.38048210449219,-0.335188232421875,2.48039291992187
0.307516951171856,9.43794294433594,-0.378283862304687,2.35110603027344
0.313542926649286,9.40442412109375,-0.3447650390625,2.45645090332031
0.319568902126716,9.40921252441406,-0.383072265625,2.37983645019531
0.325594877604146,9.40442412109375,-0.349553442382812,2.39420166015625
0.331623639322897,9.39005891113281,-0.368707055664062,2.35589443359375
0.337652401041647,9.38048210449219,-0.387860668945312,2.43729729003906
0.343681162760397,9.40442412109375,-0.392649072265625,2.4133552734375
0.349711178602412,9.40921252441406,-0.368707055664062,2.40856687011719
0.355741194444427,9.40921252441406,-0.368707055664062,2.47081611328125
0.361771210286442,9.43315454101563,-0.378283862304687,2.41814367675781
0.367802127929671,9.42836613769531,-0.359130249023437,2.40856687011719
0.373833045572901,9.39963571777344,-0.373495458984375,2.36068283691406
0.379863963216131,9.38048210449219,-0.445321508789062,2.40377846679687
0.385896295464394,9.37090529785156,-0.407014282226562,2.42293208007812
0.391928627712656,9.41400092773437,-0.40222587890625,2.4133552734375
0.397960959960919,9.39484731445313,-0.430956298828125,2.35110603027344
0.404068002821163,9.39963571777344,-0.44053310546875,2.4133552734375
0.410175045681406,9.39963571777344,-0.383072265625,2.4516625
0.416282088541649,9.39005891113281,-0.416591088867187,2.4133552734375
0.422392993055539,9.40921252441406,-0.359130249023437,2.43250888671875
0.428503897569428,9.423577734375,-0.383072265625,2.39420166015625
0.434614802083317,9.33738647460937,-0.335188232421875,2.43250888671875
0.440727154188352,9.40442412109375,-0.349553442382812,2.39899006347656
0.446839506293387,9.39963571777344,-0.383072265625,2.34152922363281
0.452951858398421,9.40921252441406,-0.378283862304687,2.39420166015625
0.459065664279497,9.42836613769531,-0.426167895507812,2.35589443359375
0.465179470160573,9.40921252441406,-0.411802685546875,2.375048046875
0.471293276041649,9.41878933105469,-0.40222587890625,2.44208569335937
0.477408438693558,9.41400092773437,-0.387860668945312,2.38462485351562
0.483523601345468,9.42836613769531,-0.373495458984375,2.37025964355469
0.489638763997377,9.45230815429687,-0.392649072265625,2.36068283691406
0.495824149197029,9.41400092773437,-0.397437475585937,2.40856687011719
0.502009534396682,9.41878933105469,-0.383072265625,2.39899006347656
0.508194919596335,9.39005891113281,-0.378283862304687,2.41814367675781
0.514384243598071,9.41400092773437,-0.368707055664062,2.35589443359375
0.520573567599807,9.40921252441406,-0.359130249023437,2.38462485351562
0.526762891601543,9.43315454101563,-0.349553442382812,2.40856687011719
0.532955483398418,9.43315454101563,-0.407014282226562,2.42772048339844
0.539148075195293,9.41878933105469,-0.387860668945312,2.375048046875
0.545340666992168,9.40921252441406,-0.4213794921875,2.3367408203125
0.551534927625847,9.37090529785156,-0.430956298828125,2.37025964355469
0.557729188259527,9.41878933105469,-0.416591088867187,2.37025964355469
0.563923448893206,9.44273134765625,-0.368707055664062,2.36547124023437
0.570118821397545,9.423577734375,-0.426167895507812,2.37983645019531
0.576314193901884,9.44751975097656,-0.416591088867187,2.40377846679687
0.582509566406223,9.44273134765625,-0.411802685546875,2.37983645019531
0.588771361545111,9.41878933105469,-0.378283862304687,2.44208569335937
0.595033156683999,9.45230815429687,-0.383072265625,2.34631762695312
0.601294951822887,9.43315454101563,-0.349553442382812,2.38462485351562
0.607558783745629,9.41400092773437,-0.387860668945312,2.40377846679687
0.613822615668371,9.39963571777344,-0.392649072265625,2.38941325683594
0.620086447591113,9.40442412109375,-0.36391865234375,2.375048046875
0.6263512129991,9.43794294433594,-0.378283862304687,2.41814367675781
0.632615978407086,9.43794294433594,-0.407014282226562,2.38462485351562
0.638880743815072,9.45230815429687,-0.383072265625,2.37025964355469
0.64514663378903,9.45230815429687,-0.36391865234375,2.42293208007812
0.651412523762988,9.40921252441406,-0.397437475585937,2.4133552734375
0.657678413736946,9.39484731445313,-0.407014282226562,2.36547124023437
0.663945487304654,9.39963571777344,-0.378283862304687,2.39420166015625
0.670212560872362,9.39484731445313,-0.40222587890625,2.39899006347656
0.676479634440071,9.38048210449219,-0.4213794921875,2.35589443359375
0.682817239908822,9.43315454101563,-0.36391865234375,2.3367408203125
0.689154845377573,9.40921252441406,-0.368707055664062,2.41814367675781
0.695492450846324,9.41878933105469,-0.368707055664062,2.42293208007812
0.701831740993893,9.38048210449219,-0.411802685546875,2.43250888671875
0.708171031141463,9.41878933105469,-0.36391865234375,2.44687409667969
0.714510321289033,9.42836613769531,-0.40222587890625,2.35110603027344
0.720850670030352,9.40442412109375,-0.36391865234375,2.40856687011719
0.72719101877167,9.37569370117187,-0.387860668945312,2.42293208007812
0.733531367512988,9.41878933105469,-0.397437475585937,2.37983645019531
0.739873281466982,9.40442412109375,-0.349553442382812,2.37983645019531
0.746215195420975,9.42836613769531,-0.378283862304687,2.41814367675781
0.752557109374969,9.42836613769531,-0.397437475585937,2.47081611328125
0.758902238715246,9.39963571777344,-0.3447650390625,2.40856687011719
0.765247368055524,9.46667336425781,-0.383072265625,2.39420166015625
0.771592497395801,9.423577734375,-0.411802685546875,2.36068283691406
0.778008255099794,9.42836613769531,-0.416591088867187,2.40856687011719
0.784424012803787,9.3852705078125,-0.359130249023437,2.41814367675781
0.79083977050778,9.38048210449219,-0.392649072265625,2.41814367675781
0.797256640082433,9.39963571777344,-0.36391865234375,2.36547124023437
0.803673509657086,9.39484731445313,-0.368707055664062,2.37983645019531
0.810090379231738,9.41878933105469,-0.320823022460937,2.39420166015625
0.81650863519962,9.44751975097656,-0.354341845703125,2.39899006347656
0.822926891167503,9.43794294433594,-0.378283862304687,2.40856687011719
0.829345147135385,9.40921252441406,-0.383072265625,2.40856687011719
0.835765357530349,9.39005891113281,-0.368707055664062,2.39420166015625
0.842185567925313,9.40442412109375,-0.354341845703125,2.42293208007812
0.848605778320277,9.39005891113281,-0.373495458984375,2.44208569335937
0.855029268880173,9.41400092773437,-0.416591088867187,2.34152922363281
0.86145275944007,9.39963571777344,-0.426167895507812,2.36068283691406
0.867876249999966,9.40442412109375,-0.392649072265625,2.38462485351562
0.874370654188335,9.41400092773437,-0.392649072265625,2.37025964355469
0.880865058376704,9.41878933105469,-0.373495458984375,2.37983645019531
0.887359462565072,9.37569370117187,-0.354341845703125,2.39899006347656
0.893855614257781,9.39484731445313,-0.397437475585937,2.38462485351562
0.900351765950489,9.39484731445313,-0.354341845703125,2.39420166015625
0.906847917643198,9.39005891113281,-0.330399829101562,2.42293208007812
0.913345218532956,9.39484731445313,-0.378283862304687,2.39899006347656
0.919842519422713,9.423577734375,-0.32561142578125,2.39899006347656
0.926339820312471,9.45230815429687,-0.378283862304687,2.38941325683594
0.932838448784693,9.39484731445313,-0.339976635742188,2.38941325683594
0.939337077256916,9.43315454101563,-0.320823022460937,2.35589443359375
0.945835705729138,9.39005891113281,-0.368707055664062,2.4133552734375
0.952337986002576,9.40921252441406,-0.349553442382812,2.40377846679687
0.958840266276013,9.42836613769531,-0.411802685546875,2.44208569335937
0.965342546549451,9.42836613769531,-0.373495458984375,2.44208569335937
0.971915079318547,9.40921252441406,-0.387860668945312,2.44687409667969
0.978487612087643,9.40442412109375,-0.36391865234375,2.39899006347656
0.985060144856739,9.44751975097656,-0.368707055664062,2.49475812988281
0.991634560546842,9.41878933105469,-0.296881005859375,2.38941325683594
0.998208976236945,9.41878933105469,-0.354341845703125,2.37983645019531
1.00478339192705,9.39005891113281,-0.383072265625,2.47081611328125
1.01135902810326,9.3852705078125,-0.368707055664062,2.40377846679687
1.01793466427948,9.40442412109375,-0.40222587890625,2.38941325683594
1.0245103004557,9.43315454101563,-0.378283862304687,2.38462485351562
1.03108709570309,9.36611689453125,-0.349553442382812,2.35110603027344
1.03766389095049,9.39484731445313,-0.368707055664062,2.41814367675781
1.04424068619788,9.4618849609375,-0.373495458984375,2.375048046875
1.05082083561194,9.45709655761719,-0.32561142578125,2.43250888671875
1.05740098502601,9.44273134765625,-0.3447650390625,2.32237561035156
1.06398113444007,9.423577734375,-0.373495458984375,2.4133552734375
1.07063229633243,9.39963571777344,-0.373495458984375,2.35110603027344
1.07728345822479,9.36132849121094,-0.392649072265625,2.44687409667969
1.08393462011716,9.39005891113281,-0.335188232421875,2.37025964355469
1.09058806076386,9.39963571777344,-0.320823022460937,2.42772048339844
1.09724150141056,9.41400092773437,-0.378283862304687,2.38941325683594
1.10389494205726,9.43315454101563,-0.349553442382812,2.41814367675781
1.11054955078122,9.40921252441406,-0.392649072265625,2.39420166015625
1.11720415950518,9.39963571777344,-0.359130249023437,2.4133552734375
1.12385876822913,9.39484731445313,-0.411802685546875,2.35589443359375
1.13051428515622,9.39484731445313,-0.3447650390625,2.375048046875
1.1371698020833,9.37569370117187,-0.411802685546875,2.375048046875
1.14382531901038,9.40442412109375,-0.373495458984375,2.4516625
1.15048334049476,9.40442412109375,-0.36391865234375,2.39420166015625
1.15714136197913,9.40921252441406,-0.378283862304687,2.39899006347656
1.16379938346351,9.40442412109375,-0.3447650390625,2.4133552734375
1.17052871495222,9.3852705078125,-0.36391865234375,2.38462485351562
1.17725804644094,9.41400092773437,-0.359130249023437,2.39420166015625
1.18398737792965,9.37090529785156,-0.36391865234375,2.44208569335937
1.19071831651472,9.3852705078125,-0.32561142578125,2.37983645019531
1.19744925509979,9.36611689453125,-0.368707055664062,2.4133552734375
1.20418019368486,9.43315454101563,-0.354341845703125,2.38462485351562
1.21091221061195,9.43315454101563,-0.368707055664062,2.40377846679687
1.21764422753903,9.45709655761719,-0.36391865234375,2.42293208007812
1.22437624446611,9.40442412109375,-0.378283862304687,2.44687409667969
1.23110954079858,9.44751975097656,-0.320823022460937,2.40377846679687
1.23784283713105,9.42836613769531,-0.359130249023437,2.38941325683594
1.24457613346351,9.45230815429687,-0.349553442382812,2.37025964355469
1.25131224359806,9.41400092773437,-0.36391865234375,2.375048046875
1.25804835373261,9.39963571777344,-0.392649072265625,2.43729729003906
1.26478446386716,9.41400092773437,-0.40222587890625,2.34152922363281
1.27159150075952,9.39963571777344,-0.354341845703125,2.42293208007812
1.27839853765188,9.41400092773437,-0.378283862304687,2.43729729003906
1.28520557454424,9.44273134765625,-0.320823022460937,2.4133552734375
1.29201539290362,9.40442412109375,-0.354341845703125,2.39899006347656
1.29882521126299,9.41878933105469,-0.378283862304687,2.43729729003906
1.30563502962237,9.39005891113281,-0.387860668945312,2.42772048339844
1.31244599229598,9.41878933105469,-0.430956298828125,2.39420166015625
1.31925695496959,9.39963571777344,-0.407014282226562,2.40377846679687
1.3260679176432,9.41400092773437,-0.368707055664062,2.375048046875
1.33287998046872,9.41400092773437,-0.368707055664062,2.38462485351562
1.33969204329424,9.40921252441406,-0.373495458984375,2.39420166015625
1.34650410611976,9.37569370117187,-0.368707055664062,2.38941325683594
1.35331858094615,9.37090529785156,-0.368707055664062,2.42772048339844
1.36013305577254,9.37569370117187,-0.354341845703125,2.36068283691406
1.36694753059893,9.40442412109375,-0.392649072265625,2.38941325683594
1.37383391937931,9.40921252441406,-0.397437475585937,2.39420166015625
1.38072030815969,9.39963571777344,-0.368707055664062,2.39899006347656
1.38760669694008,9.423577734375,-0.392649072265625,2.42772048339844
1.39449559494355,9.41400092773437,-0.354341845703125,2.38941325683594
1.40138449294702,9.40921252441406,-0.32561142578125,2.42772048339844
1.40827339095049,9.42836613769531,-0.36391865234375,2.42772048339844
1.41516475694441,9.40921252441406,-0.359130249023437,2.38462485351562
1.42205612293834,9.42836613769531,-0.397437475585937,2.36547124023437
1.42894748893226,9.40921252441406,-0.397437475585937,2.36547124023437
1.43584059982636,9.41878933105469,-0.407014282226562,2.38462485351562
1.44273371072045,9.3852705078125,-0.36391865234375,2.40856687011719
1.44962682161455,9.40921252441406,-0.407014282226562,2.36547124023437
1.45652126226125,9.38048210449219,-0.373495458984375,2.39899006347656
1.46341570290795,9.43315454101563,-0.36391865234375,2.36547124023437
1.47031014355466,9.42836613769531,-0.3447650390625,2.36547124023437
1.47727492730031,9.423577734375,-0.354341845703125,2.35110603027344
1.48423971104597,9.43315454101563,-0.339976635742188,2.44687409667969
1.49120449479163,9.43315454101563,-0.397437475585937,2.39899006347656
1.49817141482201,9.40442412109375,-0.36391865234375,2.36068283691406
1.50513833485239,9.38048210449219,-0.368707055664062,2.43250888671875
1.51210525488278,9.40442412109375,-0.354341845703125,2.32716401367187
1.51907369444441,9.40442412109375,-0.378283862304687,2.35110603027344
1.52604213400604,9.45709655761719,-0.359130249023437,2.37983645019531
1.53301057356767,9.39963571777344,-0.373495458984375,2.41814367675781
1.53998048350691,9.42836613769531,-0.349553442382812,2.4133552734375
1.54695039344615,9.40921252441406,-0.373495458984375,2.39899006347656
1.55392030338538,9.39963571777344,-0.387860668945312,2.39899006347656
1.5608916380208,9.423577734375,-0.40222587890625,2.47560451660156
1.56786297265621,9.39484731445313,-0.383072265625,2.38941325683594
1.57483430729163,9.45709655761719,-0.373495458984375,2.35589443359375
1.58187759852427,9.423577734375,-0.359130249023437,2.38462485351562
1.58892088975691,9.43315454101563,-0.330399829101562,2.42772048339844
1.59596418098955,9.39484731445313,-0.330399829101562,2.40856687011719
1.60301006477861,9.41878933105469,-0.373495458984375,2.32237561035156
1.61005594856767,9.36611689453125,-0.426167895507812,2.38941325683594
1.61710183235673,9.43315454101563,-0.40222587890625,2.40856687011719
1.62414920800777,9.36611689453125,-0.435744702148437,2.4516625
1.63119658365881,9.39484731445313,-0.397437475585937,2.39899006347656
1.63824395930985,9.39005891113281,-0.383072265625,2.42293208007812
1.64529280023867,9.43794294433594,-0.407014282226562,2.45645090332031
1.65234164116749,9.423577734375,-0.383072265625,2.39899006347656
1.65939048209631,9.39005891113281,-0.435744702148437,2.46602770996094
1.66644075824649,9.40921252441406,-0.373495458984375,2.43729729003906
1.67349103439666,9.41400092773437,-0.411802685546875,2.38462485351562
1.68054131054684,9.44273134765625,-0.430956298828125,2.40856687011719
1.68766389648434,9.42836613769531,-0.383072265625,2.40377846679687
1.69478648242184,9.35654008789063,-0.416591088867187,2.47081611328125
1.70190906835933,9.41878933105469,-0.387860668945312,2.43250888671875
1.7090336365017,9.3852705078125,-0.411802685546875,2.42293208007812
1.71615820464406,9.43315454101563,-0.411802685546875,2.42293208007812
1.72328277278642,9.43315454101563,-0.373495458984375,2.37983645019531
1.73040951009111,9.40921252441406,-0.397437475585937,2.39899006347656
1.73753624739579,9.42836613769531,-0.426167895507812,2.35589443359375
1.74466298470048,9.40442412109375,-0.36391865234375,2.37025964355469
1.75179109255639,9.39484731445313,-0.426167895507812,2.36068283691406
1.75891920041229,9.41400092773437,-0.426167895507812,2.46123930664062
1.76604730826819,9.38048210449219,-0.430956298828125,2.44687409667969
1.7731767036675,9.41400092773437,-0.397437475585937,2.39899006347656
1.7803060990668,9.40921252441406,-0.416591088867187,2.4133552734375
1.78743549446611,9.37090529785156,-0.397437475585937,2.39420166015625
1.79463453070743,9.44273134765625,-0.407014282226562,2.38941325683594
1.80183356694875,9.3852705078125,-0.435744702148437,2.42293208007812
1.80903260319007,9.37090529785156,-0.397437475585937,2.44687409667969
1.81623405870222,9.35175168457031,-0.40222587890625,2.39899006347656
1.82343551421437,9.34217487792969,-0.40222587890625,2.40377846679687
1.83063696972653,9.41878933105469,-0.397437475585937,2.44687409667969
1.83784033235673,9.43315454101563,-0.411802685546875,2.40377846679687
1.84504369498694,9.45230815429687,-0.36391865234375,2.375048046875
1.85224705761715,9.42836613769531,-0.368707055664062,2.36068283691406
1.85945180251732,9.38048210449219,-0.40222587890625,2.34152922363281
1.8666565474175,9.37090529785156,-0.407014282226562,2.375048046875
1.87386129231767,9.40921252441406,-0.392649072265625,2.38462485351562
1.88106745518659,9.40442412109375,-0.392649072265625,2.40856687011719
1.88827361805552,9.39963571777344,-0.36391865234375,2.41814367675781
1.89547978092444,9.42836613769531,-0.36391865234375,2.38941325683594
1.90275710763885,9.42836613769531,-0.397437475585937,2.34631762695312
1.91003443435326,9.43315454101563,-0.387860668945312,2.43250888671875
1.91731176106767,9.36132849121094,-0.373495458984375,2.37983645019531
1.92459101247825,9.36611689453125,-0.416591088867187,2.47081611328125
1.93187026388884,9.41400092773437,-0.368707055664062,2.32716401367187
1.93914951529943,9.39963571777344,-0.339976635742188,2.37025964355469
1.94643109895829,9.40442412109375,-0.373495458984375,2.35589443359375
1.95371268261714,9.40921252441406,-0.335188232421875,2.42293208007812
1.960994266276,9.40442412109375,-0.368707055664062,2.40377846679687
1.96827783962669,9.40921252441406,-0.359130249023437,2.375048046875
1.97556141297739,9.41400092773437,-0.354341845703125,2.47081611328125
1.98284498632808,9.39963571777344,-0.368707055664062,2.38462485351562
1.9902013616536,9.43315454101563,-0.387860668945312,2.36547124023437
1.99755773697913,9.40921252441406,-0.387860668945312,2.44687409667969
2.00491411230465,9.40442412109375,-0.387860668945312,2.38941325683594
2.01234816265187,9.41400092773437,-0.368707055664062,2.40856687011719
2.01978221299909,9.423577734375,-0.397437475585937,2.45645090332031
2.02721626334631,9.39484731445313,-0.36391865234375,2.42293208007812
2.03465232367617,9.36611689453125,-0.392649072265625,2.40856687011719
2.04208838400603,9.39963571777344,-0.36391865234375,2.39899006347656
2.04952444433589,9.39963571777344,-0.383072265625,2.42293208007812
2.05696252007374,9.42836613769531,-0.378283862304687,2.47081611328125
2.06440059581159,9.39963571777344,-0.40222587890625,2.39420166015625
2.07183867154944,9.40921252441406,-0.40222587890625,2.44687409667969
2.07927963075083,9.37090529785156,-0.383072265625,2.39420166015625
2.08672058995221,9.40442412109375,-0.411802685546875,2.44687409667969
2.0941615491536,9.36611689453125,-0.359130249023437,2.36068283691406
2.10160486480031,9.40921252441406,-0.378283862304687,2.40377846679687
2.10904818044701,9.44273134765625,-0.435744702148437,2.32716401367187
2.11649149609371,9.44751975097656,-0.397437475585937,2.42772048339844
2.12393705403642,9.46667336425781,-0.36391865234375,2.42772048339844
2.13138261197912,9.3852705078125,-0.359130249023437,2.47081611328125
2.13882816992183,9.3852705078125,-0.339976635742188,2.37025964355469
2.16129961805551,9.44751975097656,-0.383072265625,2.32237561035156
2.18377106618919,9.39484731445313,-0.383072265625,2.42293208007812
2.20624251432287,9.3852705078125,-0.339976635742188,2.39899006347656
2.21375743077253,9.39005891113281,-0.359130249023437,2.40856687011719
2.22127234722218,9.40442412109375,-0.383072265625,2.38941325683594
2.22878726367183,9.41878933105469,-0.411802685546875,2.39899006347656
2.23630420095482,9.37090529785156,-0.383072265625,2.39899006347656
2.24382113823781,9.39484731445313,-0.407014282226562,2.33195241699219
2.25133807552079,9.44273134765625,-0.368707055664062,2.40856687011719
2.25885645562062,9.423577734375,-0.397437475585937,2.43250888671875
2.26637483572045,9.39963571777344,-0.383072265625,2.4133552734375
2.27389321582027,9.423577734375,-0.373495458984375,2.47560451660156
2.28141315190968,9.43315454101563,-0.368707055664062,2.44687409667969
2.28893308799909,9.42836613769531,-0.378283862304687,2.42772048339844
2.2964530240885,9.43794294433594,-0.354341845703125,2.33195241699219
2.30404274924041,9.37090529785156,-0.359130249023437,2.33195241699219
2.31163247439232,9.40442412109375,-0.397437475585937,2.43729729003906
2.31922219954423,9.39963571777344,-0.368707055664062,2.38941325683594
2.32681438878034,9.39484731445313,-0.368707055664062,2.46123930664062
2.33440657801645,9.39484731445313,-0.3447650390625,2.35589443359375
2.34199876725256,9.45709655761719,-0.383072265625,2.37025964355469
2.34959286805551,9.40442412109375,-0.392649072265625,2.34152922363281
2.35718696885847,9.44751975097656,-0.397437475585937,2.38941325683594
2.36478106966142,9.38048210449219,-0.397437475585937,2.375048046875
2.37237657454423,9.3852705078125,-0.359130249023437,2.39899006347656
2.37997207942704,9.39963571777344,-0.411802685546875,2.33195241699219
2.38756758430986,9.43315454101563,-0.416591088867187,2.4133552734375
2.39516464767791,9.42836613769531,-0.40222587890625,2.41814367675781
2.40276171104597,9.40442412109375,-0.383072265625,2.36547124023437
2.41035877441402,9.44751975097656,-0.378283862304687,2.39420166015625
2.41802718717444,9.423577734375,-0.378283862304687,2.39899006347656
2.42569559993485,9.40921252441406,-0.416591088867187,2.38941325683594
2.43336401269527,9.37090529785156,-0.407014282226562,2.37983645019531
2.44103430935326,9.3852705078125,-0.383072265625,2.375048046875
2.44870460601125,9.40921252441406,-0.368707055664062,2.40856687011719
2.45637490266923,9.42836613769531,-0.397437475585937,2.43729729003906
2.46404777495656,9.43315454101563,-0.4213794921875,2.39420166015625
2.47172064724388,9.40921252441406,-0.349553442382812,2.375048046875
2.47939351953121,9.423577734375,-0.349553442382812,2.37983645019531
2.48706773155378,9.39963571777344,-0.373495458984375,2.375048046875
2.49474194357635,9.43794294433594,-0.368707055664062,2.36068283691406
2.50241615559892,9.423577734375,-0.383072265625,2.42772048339844
2.51016166427947,9.40921252441406,-0.383072265625,2.40377846679687
2.51790717296002,9.423577734375,-0.378283862304687,2.46123930664062
2.52565268164058,9.40921252441406,-0.407014282226562,2.43250888671875
2.53340048404943,9.39963571777344,-0.368707055664062,2.44208569335937
2.54114828645829,9.39963571777344,-0.368707055664062,2.39420166015625
2.54889608886714,9.41400092773437,-0.387860668945312,2.39420166015625
2.55664582530377,9.41400092773437,-0.387860668945312,2.39899006347656
2.5643955617404,9.44273134765625,-0.392649072265625,2.39899006347656
2.57214529817703,9.41878933105469,-0.387860668945312,2.37983645019531
2.57703948068572,9.41878933105469,-0.411802685546875,2.41814367675781
2.5819336631944,9.39963571777344,-0.368707055664062,2.41814367675781
2.58682784570308,9.43315454101563,-0.354341845703125,2.39420166015625
2.58886396918398,9.42836613769531,-0.36391865234375,2.38462485351562
2.59090009266488,9.39005891113281,-0.354341845703125,2.40856687011719
2.59293621614579,9.37569370117187,-0.359130249023437,2.40856687011719
2.59504086924909,9.40442412109375,-0.387860668945312,2.44687409667969
2.59714552235238,9.423577734375,-0.335188232421875,2.4133552734375
2.59925017545568,9.423577734375,-0.4213794921875,2.37983645019531
2.60128185123693,9.40442412109375,-0.392649072265625,2.44687409667969
2.60331352701818,9.38048210449219,-0.426167895507812,2.37983645019531
2.60534520279943,9.423577734375,-0.339976635742188,2.37025964355469
2.60737408930116,9.44273134765625,-0.36391865234375,2.43729729003906
2.6094029758029,9.41878933105469,-0.354341845703125,2.43250888671875
2.61143186230463,9.3852705078125,-0.3447650390625,2.35110603027344
2.61345982671436,9.43794294433594,-0.373495458984375,2.40856687011719
2.61548779112408,9.39963571777344,-0.349553442382812,2.375048046875
2.6175157555338,9.37090529785156,-0.378283862304687,2.4133552734375
2.61954256423606,9.39005891113281,-0.373495458984375,2.4133552734375
2.62156937293832,9.39005891113281,-0.397437475585937,2.4133552734375
2.62359618164057,9.39963571777344,-0.426167895507812,2.34152922363281
2.6256214649522,9.423577734375,-0.397437475585937,2.35110603027344
2.62764674826384,9.423577734375,-0.354341845703125,2.42293208007812
2.62967203157547,9.4618849609375,-0.354341845703125,2.41814367675781
2.63170380588102,9.42836613769531,-0.359130249023437,2.44208569335937
2.63373558018658,9.40921252441406,-0.349553442382812,2.43729729003906
2.63576735449213,9.423577734375,-0.36391865234375,2.44687409667969
2.6377998211805,9.40442412109375,-0.311246215820312,2.40856687011719
2.63983228786887,9.40921252441406,-0.335188232421875,2.46602770996094
2.64186475455724,9.42836613769531,-0.36391865234375,2.37025964355469
2.64389770182287,9.41878933105469,-0.373495458984375,2.39899006347656
2.64593064908849,9.39484731445313,-0.387860668945312,2.38462485351562
2.64796359635412,9.47146176757813,-0.378283862304687,2.46602770996094
2.64999452723519,9.39005891113281,-0.373495458984375,2.40856687011719
2.65202545811627,9.41878933105469,-0.378283862304687,2.42293208007812
2.65405638899735,9.41878933105469,-0.383072265625,2.41814367675781
2.6560175023871,9.39005891113281,-0.407014282226562,2.43729729003906
2.65797861577686,9.43794294433594,-0.339976635742188,2.37983645019531
2.65993972916662,9.39484731445313,-0.3447650390625,2.37983645019531
2.66197037337235,9.41878933105469,-0.330399829101562,2.42772048339844
2.66400101757808,9.40442412109375,-0.359130249023437,2.40377846679687
2.6660316617838,9.39005891113281,-0.383072265625,2.4133552734375
2.66806314615881,9.41400092773437,-0.387860668945312,2.40856687011719
2.67009463053381,9.39005891113281,-0.383072265625,2.43729729003906
2.67212611490881,9.45230815429687,-0.373495458984375,2.37983645019531
2.67415806217443,9.41878933105469,-0.383072265625,2.4133552734375
2.67619000944006,9.41878933105469,-0.349553442382812,2.38462485351562
2.67822195670568,9.40442412109375,-0.407014282226562,2.37025964355469
2.68025419498693,9.41400092773437,-0.354341845703125,2.39420166015625
2.68228643326818,9.40442412109375,-0.3447650390625,2.41814367675781
2.68431867154943,9.41400092773437,-0.335188232421875,2.38462485351562
2.68634940245221,9.39963571777344,-0.36391865234375,2.375048046875
2.68838013335499,9.42836613769531,-0.359130249023437,2.43250888671875
2.69041086425777,9.40921252441406,-0.392649072265625,2.35110603027344
2.69244433376732,9.39005891113281,-0.397437475585937,2.43729729003906
2.69447780327687,9.39963571777344,-0.349553442382812,2.4133552734375
2.69651127278642,9.39484731445313,-0.354341845703125,2.42293208007812
2.69861928309458,9.40921252441406,-0.387860668945312,2.39899006347656
2.70072729340273,9.40921252441406,-0.36391865234375,2.4516625
2.70283530371089,9.41878933105469,-0.40222587890625,2.43250888671875
2.70494407486974,9.39963571777344,-0.392649072265625,2.35110603027344
2.7070528460286,9.40921252441406,-0.383072265625,2.40856687011719
2.70916161718745,9.37090529785156,-0.383072265625,2.35589443359375
2.71127111772998,9.37090529785156,-0.3447650390625,2.4133552734375
2.71338061827251,9.39963571777344,-0.368707055664062,2.375048046875
2.71549011881505,9.39484731445313,-0.36391865234375,2.43729729003906
2.71759956716574,9.45709655761719,-0.3447650390625,2.39420166015625
2.71970901551644,9.40921252441406,-0.330399829101562,2.38941325683594
2.72181846386714,9.46667336425781,-0.354341845703125,2.4516625
2.72385464312061,9.35175168457031,-0.368707055664062,2.42293208007812
2.72589082237408,9.41878933105469,-0.397437475585937,2.44687409667969
2.72792700162755,9.40442412109375,-0.397437475585937,2.42772048339844
2.72996076768657,9.41878933105469,-0.416591088867187,2.375048046875
2.7319945337456,9.40921252441406,-0.359130249023437,2.38941325683594
2.73402829980463,9.39484731445313,-0.387860668945312,2.43250888671875
2.73922990719937,9.41400092773437,-0.387860668945312,2.43250888671875
2.74443151459412,9.40442412109375,-0.392649072265625,2.47560451660156
2.74963312198886,9.39963571777344,-0.407014282226562,2.47560451660156
2.75170050626621,9.41400092773437,-0.4213794921875,2.39420166015625
2.75376789054355,9.42836613769531,-0.392649072265625,2.36547124023437
2.7558352748209,9.40442412109375,-0.426167895507812,2.36547124023437
2.75786713462993,9.40442412109375,-0.378283862304687,2.42772048339844
2.75989899443895,9.39963571777344,-0.416591088867187,2.48039291992187
2.76193085424798,9.41400092773437,-0.397437475585937,2.40377846679687
2.76396061770284,9.44751975097656,-0.373495458984375,2.37983645019531
2.7659903811577,9.39963571777344,-0.373495458984375,2.40377846679687
2.76802014461256,9.39484731445313,-0.450109912109375,2.41814367675781
2.77004877134868,9.37090529785156,-0.4213794921875,2.44208569335937
2.77207739808479,9.41878933105469,-0.445321508789062,2.37983645019531
2.7741060248209,9.44273134765625,-0.435744702148437,2.39420166015625
2.77620469642463,9.40442412109375,-0.426167895507812,2.46602770996094
2.77830336802836,9.39484731445313,-0.36391865234375,2.39420166015625
2.7804020396321,9.423577734375,-0.32561142578125,2.39899006347656
2.78246908222107,9.40921252441406,-0.383072265625,2.38941325683594
2.78453612481005,9.43794294433594,-0.392649072265625,2.34631762695312
2.78660316739903,9.43315454101563,-0.411802685546875,2.47560451660156
2.78863847658957,9.43794294433594,-0.397437475585937,2.37025964355469
2.79067378578011,9.44751975097656,-0.426167895507812,2.37983645019531
2.79270909497065,9.41400092773437,-0.411802685546875,2.34152922363281
2.79474437291119,9.40921252441406,-0.397437475585937,2.38462485351562
2.79677965085172,9.423577734375,-0.368707055664062,2.36547124023437
2.79881492879226,9.40442412109375,-0.397437475585937,2.36547124023437
2.80085051049799,9.44273134765625,-0.40222587890625,2.36068283691406
2.80288609220372,9.43794294433594,-0.359130249023437,2.40377846679687
2.80492167390945,9.41878933105469,-0.3447650390625,2.35110603027344
2.80702605628792,9.39963571777344,-0.383072265625,2.38462485351562
2.8091304386664,9.37569370117187,-0.368707055664062,2.42293208007812
2.81123482104487,9.40921252441406,-0.354341845703125,2.375048046875
2.81330528664817,9.40921252441406,-0.373495458984375,2.42293208007812
2.81537575225146,9.45709655761719,-0.397437475585937,2.375048046875
2.81744621785476,9.39963571777344,-0.378283862304687,2.44208569335937
2.81948195298931,9.39484731445313,-0.373495458984375,2.40377846679687
2.82151768812386,9.423577734375,-0.40222587890625,2.4133552734375
2.8235534232584,9.42836613769531,-0.368707055664062,2.42293208007812
2.82558924736865,9.3852705078125,-0.3447650390625,2.40377846679687
2.82762507147889,9.40921252441406,-0.368707055664062,2.38941325683594
2.82966089558914,9.38048210449219,-0.368707055664062,2.42293208007812
2.83169674926752,9.41878933105469,-0.392649072265625,2.37025964355469
2.83373260294591,9.39963571777344,-0.368707055664062,2.36547124023437
2.83576845662429,9.42836613769531,-0.36391865234375,2.38462485351562
2.83787427134869,9.44273134765625,-0.354341845703125,2.4133552734375
2.83998008607308,9.39963571777344,-0.383072265625,2.39420166015625
2.84208590079747,9.42836613769531,-0.383072265625,2.39899006347656
2.84415730764426,9.40442412109375,-0.349553442382812,2.42293208007812
2.84622871449104,9.3852705078125,-0.416591088867187,2.39420166015625
2.84830012133783,9.41878933105469,-0.373495458984375,2.40856687011719
2.85033843703879,9.42836613769531,-0.397437475585937,2.35589443359375
2.85237675273974,9.39963571777344,-0.373495458984375,2.42772048339844
2.8544150684407,9.423577734375,-0.373495458984375,2.36068283691406
2.85645469816075,9.39484731445313,-0.397437475585937,2.44208569335937
2.8584943278808,9.44273134765625,-0.378283862304687,2.40856687011719
2.86053395760085,9.41878933105469,-0.330399829101562,2.38462485351562
2.86257348234043,9.43315454101563,-0.392649072265625,2.37983645019531
2.86461300708002,9.40921252441406,-0.354341845703125,2.38941325683594
2.8666525318196,9.39005891113281,-0.36391865234375,2.40377846679687
2.86875843524842,9.41400092773437,-0.411802685546875,2.40856687011719
2.87086433867724,9.37090529785156,-0.387860668945312,2.38462485351562
2.87297024210606,9.39963571777344,-0.368707055664062,2.35110603027344
2.87504155688471,9.36132849121094,-0.3447650390625,2.4133552734375
2.87711287166335,9.40921252441406,-0.397437475585937,2.43729729003906
2.879184186442,9.40921252441406,-0.36391865234375,2.37025964355469
2.88122149183479,9.423577734375,-0.407014282226562,2.40377846679687
2.88325879722759,9.41400092773437,-0.397437475585937,2.36068283691406
2.88529610262038,9.43794294433594,-0.392649072265625,2.39899006347656
2.8873334505479,9.41878933105469,-0.411802685546875,2.40856687011719
2.88937079847542,9.38048210449219,-0.36391865234375,2.41814367675781
2.89140814640293,9.39484731445313,-0.392649072265625,2.43250888671875
2.89344580476882,9.42836613769531,-0.368707055664062,2.40856687011719
2.8954834631347,9.4618849609375,-0.36391865234375,2.39899006347656
2.89752112150058,9.41878933105469,-0.387860668945312,2.40377846679687
2.89962628746196,9.41400092773437,-0.349553442382812,2.43729729003906
2.90173145342333,9.41878933105469,-0.3447650390625,2.375048046875
2.9038366193847,9.44273134765625,-0.354341845703125,2.38462485351562
2.9059076717393,9.41400092773437,-0.359130249023437,2.47081611328125
2.9079787240939,9.423577734375,-0.339976635742188,2.39899006347656
2.9100497764485,9.43794294433594,-0.392649072265625,2.39899006347656
2.91208635734043,9.45709655761719,-0.359130249023437,2.43250888671875
2.91412293823235,9.40442412109375,-0.383072265625,2.4133552734375
2.91615951912428,9.40442412109375,-0.383072265625,2.3367408203125
2.91819604842116,9.37090529785156,-0.349553442382812,2.4516625
2.92023257771803,9.37569370117187,-0.36391865234375,2.43729729003906
2.92226910701491,9.3852705078125,-0.387860668945312,2.42772048339844
2.92430599774842,9.41878933105469,-0.36391865234375,2.38941325683594
2.92634288848192,9.42836613769531,-0.36391865234375,2.40856687011719
2.92837977921543,9.42836613769531,-0.397437475585937,2.37983645019531
2.93056454983175,9.41400092773437,-0.330399829101562,2.41814367675781
2.93274932044807,9.423577734375,-0.335188232421875,2.40856687011719
2.93493409106438,9.39963571777344,-0.368707055664062,2.39899006347656
2.93723646514207,9.39963571777344,-0.335188232421875,2.38941325683594
2.93953883921976,9.42836613769531,-0.36391865234375,2.375048046875
2.94184121329745,9.39963571777344,-0.339976635742188,2.37983645019531
2.94410893579094,9.40921252441406,-0.378283862304687,2.39899006347656
2.94637665828443,9.38048210449219,-0.373495458984375,2.44687409667969
2.94864438077792,9.40442412109375,-0.373495458984375,2.47081611328125
2.95091187540683,9.4618849609375,-0.335188232421875,2.48039291992187
2.95317937003573,9.43794294433594,-0.40222587890625,2.4133552734375
2.95544686466464,9.44751975097656,-0.378283862304687,2.37025964355469
2.95771476038946,9.40921252441406,-0.354341845703125,2.40377846679687
2.95998265611429,9.40442412109375,-0.373495458984375,2.37025964355469
2.96225055183912,9.40442412109375,-0.373495458984375,2.34152922363281
2.9645181656629,9.41878933105469,-0.383072265625,2.38462485351562
2.96678577948669,9.37090529785156,-0.354341845703125,2.41814367675781
2.96905339331047,9.41878933105469,-0.359130249023437,2.38462485351562
2.97128656599928,9.43315454101563,-0.354341845703125,2.43250888671875
2.97351973868808,9.40921252441406,-0.349553442382812,2.42293208007812
2.97575291137688,9.44273134765625,-0.373495458984375,2.43250888671875
2.98669062931308,9.40442412109375,-0.373495458984375,2.35110603027344
2.99762834724928,9.38048210449219,-0.368707055664062,2.4133552734375
3.00856606518547,9.44751975097656,-0.411802685546875,2.39420166015625
3.01505817352966,9.40921252441406,-0.378283862304687,2.375048046875
3.02155028187384,9.49061538085937,-0.383072265625,2.44687409667969
3.02804239021803,9.40921252441406,-0.378283862304687,2.38941325683594
3.03022847132697,9.43315454101563,-0.411802685546875,2.37025964355469
3.03241455243591,9.39005891113281,-0.368707055664062,2.35589443359375
3.03460063354485,9.43315454101563,-0.3447650390625,2.375048046875
3.03675168850362,9.42836613769531,-0.368707055664062,2.43729729003906
3.03890274346239,9.42836613769531,-0.397437475585937,2.38941325683594
3.04105379842115,9.42836613769531,-0.349553442382812,2.38462485351562
3.04316907484259,9.423577734375,-0.373495458984375,2.4133552734375
3.04528435126403,9.423577734375,-0.40222587890625,2.38941325683594
3.04739962768547,9.423577734375,-0.349553442382812,2.375048046875
3.04951381155049,9.42836613769531,-0.378283862304687,2.38462485351562
3.05162799541551,9.41878933105469,-0.373495458984375,2.38941325683594
3.05374217928053,9.40442412109375,-0.3447650390625,2.43729729003906
3.05592469409172,9.40921252441406,-0.36391865234375,2.38462485351562
3.05810720890292,9.40442412109375,-0.40222587890625,2.39420166015625
3.06028972371412,9.42836613769531,-0.368707055664062,2.4516625
3.06247280916334,9.38048210449219,-0.387860668945312,2.41814367675781
3.06465589461256,9.45230815429687,-0.320823022460937,2.42772048339844
3.06683898006178,9.41878933105469,-0.3447650390625,2.32716401367187
3.06906331914598,9.41878933105469,-0.368707055664062,2.39899006347656
3.07128765823018,9.40442412109375,-0.339976635742188,2.37983645019531
3.07351199731438,9.41400092773437,-0.378283862304687,2.47081611328125
3.07570421063904,9.40442412109375,-0.359130249023437,2.42293208007812
3.07789642396369,9.40921252441406,-0.354341845703125,2.38462485351562
3.08008863728834,9.36132849121094,-0.387860668945312,2.37983645019531
3.08229114152012,9.43794294433594,-0.407014282226562,2.39420166015625
3.08449364575189,9.45230815429687,-0.416591088867187,2.44687409667969
3.08669614998366,9.41878933105469,-0.383072265625,2.43250888671875
3.08889901907003,9.41400092773437,-0.349553442382812,2.36547124023437
3.0911018881564,9.42836613769531,-0.330399829101562,2.40377846679687
3.09330475724277,9.40442412109375,-0.397437475585937,2.40856687011719
3.09550756952576,9.39005891113281,-0.373495458984375,2.37025964355469
3.09771038180874,9.40442412109375,-0.36391865234375,2.35110603027344
3.09991319409173,9.39963571777344,-0.339976635742188,2.42293208007812
3.10208067499451,9.39963571777344,-0.373495458984375,2.34631762695312
3.10424815589729,9.41400092773437,-0.383072265625,2.37025964355469
3.10641563680007,9.38048210449219,-0.392649072265625,2.41814367675781
3.10854820184998,9.39963571777344,-0.373495458984375,2.38941325683594
3.11068076689989,9.43315454101563,-0.397437475585937,2.39899006347656
3.11281333194981,9.41878933105469,-0.373495458984375,2.46123930664062
3.11607450292963,9.41400092773437,-0.397437475585937,2.4133552734375
3.11933567390945,9.44751975097656,-0.3447650390625,2.36547124023437
3.12259684488926,9.423577734375,-0.378283862304687,2.37025964355469
3.12478009640836,9.423577734375,-0.368707055664062,2.37025964355469
3.12696334792746,9.43315454101563,-0.40222587890625,2.46123930664062
3.12914659944656,9.36611689453125,-0.397437475585937,2.39420166015625
3.13133012928596,9.38048210449219,-0.397437475585937,2.35589443359375
3.13351365912537,9.39005891113281,-0.383072265625,2.39420166015625
3.13569718896478,9.39963571777344,-0.387860668945312,2.4899697265625
3.13781136908631,9.40442412109375,-0.359130249023437,2.38462485351562
3.13992554920784,9.39005891113281,-0.373495458984375,2.43250888671875
3.14203972932937,9.41878933105469,-0.373495458984375,2.35589443359375
3.14415515348301,9.41878933105469,-0.36391865234375,2.39899006347656
3.14627057763666,9.39484731445313,-0.354341845703125,2.37025964355469
3.14838600179031,9.423577734375,-0.373495458984375,2.44208569335937
3.15056758642572,9.39005891113281,-0.36391865234375,2.44687409667969
3.15274917106114,9.3852705078125,-0.397437475585937,2.36068283691406
3.15493075569655,9.38048210449219,-0.368707055664062,2.39420166015625
3.1571138283962,9.41400092773437,-0.316034619140625,2.37983645019531
3.15929690109586,9.40442412109375,-0.40222587890625,2.38941325683594
3.16147997379551,9.44273134765625,-0.359130249023437,2.40856687011719
3.16366373649082,9.41400092773437,-0.392649072265625,2.42293208007812
3.16584749918613,9.40442412109375,-0.339976635742188,2.35110603027344
3.16803126188144,9.43794294433594,-0.359130249023437,2.38941325683594
3.17014672629117,9.39005891113281,-0.349553442382812,2.42772048339844
3.17226219070089,9.39963571777344,-0.373495458984375,2.38462485351562
3.17437765511061,9.40921252441406,-0.359130249023437,2.39420166015625
3.17649199115661,9.39005891113281,-0.383072265625,2.42293208007812
3.17860632720262,9.38048210449219,-0.335188232421875,2.35589443359375
3.18072066324863,9.41878933105469,-0.368707055664062,2.36068283691406
3.18314916086147,9.41400092773437,-0.32561142578125,2.40856687011719
3.18557765847432,9.37569370117187,-0.359130249023437,2.38462485351562
3.18800615608717,9.40921252441406,-0.368707055664062,2.44208569335937
3.19043405495869,9.34696328125,-0.387860668945312,2.40377846679687
3.19286195383022,9.41400092773437,-0.378283862304687,2.38462485351562
3.19528985270175,9.40921252441406,-0.3447650390625,2.35589443359375
3.19771689219828,9.41878933105469,-0.378283862304687,2.45645090332031
3.2001439316948,9.39963571777344,-0.354341845703125,2.40377846679687
3.20257097119133,9.43794294433594,-0.368707055664062,2.40377846679687
3.20492739523647,9.41400092773437,-0.373495458984375,2.37025964355469
3.20728381928161,9.39963571777344,-0.3447650390625,2.35589443359375
3.20964024332675,9.43315454101563,-0.383072265625,2.37983645019531
3.21199535335279,9.44273134765625,-0.354341845703125,2.40377846679687
3.21435046337884,9.37090529785156,-0.36391865234375,2.4516625
3.21670557340488,9.40921252441406,-0.354341845703125,2.40856687011719
3.2190605424804,9.423577734375,-0.339976635742188,2.42772048339844
3.22141551155592,9.3852705078125,-0.40222587890625,2.40377846679687
3.22377048063144,9.37569370117187,-0.359130249023437,2.46602770996094
3.22612604899082,9.42836613769531,-0.392649072265625,2.40377846679687
3.22848161735019,9.40921252441406,-0.392649072265625,2.4133552734375
3.23083718570957,9.40921252441406,-0.40222587890625,2.42293208007812
3.23312030018439,9.423577734375,-0.397437475585937,2.37025964355469
3.23540341465922,9.423577734375,-0.368707055664062,2.39420166015625
3.23768652913404,9.40442412109375,-0.349553442382812,2.38462485351562
3.23989247205939,9.39005891113281,-0.397437475585937,2.42772048339844
3.24209841498474,9.40442412109375,-0.368707055664062,2.42293208007812
3.24430435791009,9.46667336425781,-0.36391865234375,2.44208569335937
3.24650876958543,9.44273134765625,-0.387860668945312,2.39899006347656
3.24871318126078,9.44751975097656,-0.368707055664062,2.37983645019531
3.25091759293613,9.45230815429687,-0.36391865234375,2.39420166015625
3.25312033837884,9.40921252441406,-0.36391865234375,2.40856687011719
3.25532308382155,9.3852705078125,-0.392649072265625,2.44208569335937
3.25752582926426,9.41400092773437,-0.368707055664062,2.40377846679687
3.25972603043613,9.43794294433594,-0.349553442382812,2.38462485351562
3.26192623160801,9.41400092773437,-0.387860668945312,2.35589443359375
3.26412643277988,9.43794294433594,-0.354341845703125,2.37025964355469
3.26961485240336,9.39963571777344,-0.392649072265625,2.37983645019531
3.27510327202685,9.43794294433594,-0.368707055664062,2.43729729003906
3.28059169165033,9.39484731445313,-0.36391865234375,2.40377846679687
3.28275617971456,9.43315454101563,-0.387860668945312,2.35110603027344
3.2849206677788,9.423577734375,-0.378283862304687,2.36068283691406
3.28708515584303,9.423577734375,-0.368707055664062,2.36068283691406
3.28922303529182,9.41400092773437,-0.339976635742188,2.4516625
3.2913609147406,9.40921252441406,-0.378283862304687,2.37025964355469
3.29349879418938,9.41400092773437,-0.359130249023437,2.40377846679687
3.29562934030483,9.40442412109375,-0.378283862304687,2.43729729003906
3.29775988642028,9.44273134765625,-0.397437475585937,2.38462485351562
3.29989043253573,9.43315454101563,-0.354341845703125,2.44208569335937
3.30201950480136,9.39963571777344,-0.407014282226562,2.4133552734375
3.30414857706698,9.39005891113281,-0.378283862304687,2.43250888671875
3.30627764933261,9.40442412109375,-0.373495458984375,2.40377846679687
3.30845659448234,9.423577734375,-0.373495458984375,2.36547124023437
3.31063553963208,9.42836613769531,-0.383072265625,2.38462485351562
3.31281448478182,9.39484731445313,-0.3447650390625,2.43250888671875
3.31499277308477,9.38048210449219,-0.36391865234375,2.40377846679687
3.31717106138772,9.42836613769531,-0.3447650390625,2.36547124023437
3.31934934969067,9.3852705078125,-0.416591088867187,2.39420166015625
3.32149361184345,9.40442412109375,-0.397437475585937,2.44208569335937
3.32363787399623,9.40921252441406,-0.40222587890625,2.43729729003906
3.32578213614901,9.35175168457031,-0.383072265625,2.42772048339844
3.32789202628573,9.41878933105469,-0.383072265625,2.38941325683594
3.33000191642245,9.41878933105469,-0.383072265625,2.39899006347656
3.33211180655917,9.35654008789063,-0.354341845703125,2.41814367675781
3.33422311477314,9.43794294433594,-0.392649072265625,2.36068283691406
3.33633442298712,9.39963571777344,-0.36391865234375,2.44687409667969
3.33844573120109,9.39005891113281,-0.40222587890625,2.42772048339844
3.34062682147887,9.39484731445313,-0.373495458984375,2.39899006347656
3.34280791175664,9.40442412109375,-0.359130249023437,2.42293208007812
3.34498900203442,9.39005891113281,-0.373495458984375,2.48039291992187
3.34716991918937,9.40442412109375,-0.392649072265625,2.36547124023437
3.34935083634431,9.41878933105469,-0.378283862304687,2.39420166015625
3.35153175349926,9.41878933105469,-0.36391865234375,2.43729729003906
3.35367673288294,9.423577734375,-0.416591088867187,2.43729729003906
3.35582171226662,9.45709655761719,-0.411802685546875,2.41814367675781
3.35796669165031,9.39963571777344,-0.40222587890625,2.37025964355469
3.36007644371194,9.39963571777344,-0.368707055664062,2.40856687011719
3.36218619577357,9.39963571777344,-0.416591088867187,2.42772048339844
3.3642959478352,9.39484731445313,-0.40222587890625,2.35110603027344
3.36640700160039,9.41878933105469,-0.373495458984375,2.4516625
3.36851805536558,9.423577734375,-0.373495458984375,2.39899006347656
3.37062910913077,9.39484731445313,-0.320823022460937,2.40377846679687
3.37280848657218,9.423577734375,-0.339976635742188,2.44687409667969
3.37498786401359,9.40921252441406,-0.378283862304687,2.4133552734375
3.377167241455,9.39484731445313,-0.392649072265625,2.36547124023437
3.3793111900227,9.41878933105469,-0.416591088867187,2.41814367675781
3.38145513859041,9.43794294433594,-0.40222587890625,2.37025964355469
3.38359908715812,9.423577734375,-0.426167895507812,2.375048046875
3.38570808330612,9.3852705078125,-0.373495458984375,2.42293208007812
3.38781707945413,9.45230815429687,-0.387860668945312,2.38462485351562
3.38992607560213,9.3852705078125,-0.349553442382812,2.43250888671875
3.39203453480352,9.42836613769531,-0.383072265625,2.34152922363281
3.39414299400491,9.43315454101563,-0.368707055664062,2.39420166015625
3.3962514532063,9.39484731445313,-0.373495458984375,2.39899006347656
3.39836081268981,9.39963571777344,-0.397437475585937,2.40856687011719
3.40047017217331,9.39484731445313,-0.368707055664062,2.38941325683594
3.40257953165682,9.40442412109375,-0.383072265625,2.40377846679687
3.40475741550014,9.40442412109375,-0.387860668945312,2.46123930664062
3.40693529934345,9.40921252441406,-0.416591088867187,2.45645090332031
3.40911318318677,9.42836613769531,-0.383072265625,2.39899006347656
3.41125598787427,9.39963571777344,-0.378283862304687,2.40377846679687
3.41339879256177,9.40921252441406,-0.397437475585937,2.47560451660156
3.41554159724926,9.40921252441406,-0.36391865234375,2.43250888671875
3.41764983498798,9.39005891113281,-0.330399829101562,2.37983645019531
3.41975807272669,9.39963571777344,-0.373495458984375,2.37983645019531
3.42186631046541,9.40921252441406,-0.378283862304687,2.4516625
3.42397430411775,9.38048210449219,-0.397437475585937,2.39420166015625
3.4260822977701,9.37090529785156,-0.383072265625,2.43250888671875
3.42819029142244,9.40442412109375,-0.426167895507812,2.42772048339844
3.43029988170022,9.41400092773437,-0.416591088867187,2.375048046875
3.432409471978,9.44273134765625,-0.416591088867187,2.44208569335937
3.43451906225578,9.40921252441406,-0.435744702148437,2.4133552734375
3.43669823239467,9.44273134765625,-0.36391865234375,2.44687409667969
3.43887740253355,9.42836613769531,-0.416591088867187,2.4133552734375
3.44105657267244,9.40442412109375,-0.36391865234375,2.34631762695312
3.44323521698668,9.49061538085937,-0.378283862304687,2.38462485351562
3.44541386130091,9.39963571777344,-0.397437475585937,2.41814367675781
3.44759250561515,9.45709655761719,-0.36391865234375,2.38462485351562
3.44973740627704,9.41400092773437,-0.373495458984375,2.44208569335937
3.45188230693894,9.423577734375,-0.383072265625,2.39899006347656
3.45402720760083,9.37090529785156,-0.407014282226562,2.39899006347656
3.45613796394848,9.39963571777344,-0.392649072265625,2.35589443359375
3.45824872029614,9.42836613769531,-0.411802685546875,2.40856687011719
3.46035947664379,9.41878933105469,-0.407014282226562,2.44687409667969
3.4624714392089,9.41400092773437,-0.36391865234375,2.34631762695312
3.464583401774,9.39963571777344,-0.416591088867187,2.43250888671875
3.4666953643391,9.42836613769531,-0.383072265625,2.43729729003906
3.46887654467765,9.41878933105469,-0.40222587890625,2.44687409667969
3.47105772501619,9.40921252441406,-0.339976635742188,2.4133552734375
3.47323890535473,9.39963571777344,-0.387860668945312,2.4516625
3.47541941875534,9.36132849121094,-0.411802685546875,2.38941325683594
3.47759993215595,9.37569370117187,-0.416591088867187,2.4133552734375
3.47978044555656,9.39963571777344,-0.373495458984375,2.40377846679687
3.48192590085169,9.38048210449219,-0.40222587890625,2.45645090332031
3.48407135614683,9.37090529785156,-0.411802685546875,2.44208569335937
3.48621681144197,9.41400092773437,-0.36391865234375,2.42772048339844
3.48832681448017,9.41400092773437,-0.40222587890625,2.40377846679687
3.49043681751836,9.44751975097656,-0.392649072265625,2.44208569335937
3.49254682055655,9.423577734375,-0.359130249023437,2.44208569335937
3.49465810831697,9.423577734375,-0.368707055664062,2.40377846679687
3.49676939607739,9.3852705078125,-0.378283862304687,2.375048046875
3.49888068383781,9.40442412109375,-0.36391865234375,2.41814367675781
3.50106342542852,9.40442412109375,-0.32561142578125,2.4133552734375
3.50324616701923,9.42836613769531,-0.36391865234375,2.40377846679687
3.50542890860994,9.47625017089844,-0.392649072265625,2.37983645019531
3.50768626641159,9.42836613769531,-0.397437475585937,2.35589443359375
3.50994362421324,9.42836613769531,-0.383072265625,2.41814367675781
3.51220098201489,9.40442412109375,-0.392649072265625,2.39420166015625
3.51442286987296,9.39005891113281,-0.392649072265625,2.35589443359375
3.51664475773103,9.41878933105469,-0.378283862304687,2.40377846679687
3.5188666455891,9.40442412109375,-0.373495458984375,2.4133552734375
3.52101561531567,9.44751975097656,-0.426167895507812,2.46602770996094
3.52316458504223,9.40921252441406,-0.387860668945312,2.40856687011719
3.5253135547688,9.39484731445313,-0.359130249023437,2.32716401367187
3.52742409838859,9.44751975097656,-0.3447650390625,2.40377846679687
3.52953464200838,9.42836613769531,-0.3447650390625,2.43250888671875
3.53164518562817,9.38048210449219,-0.383072265625,2.40856687011719
3.53375576272236,9.37090529785156,-0.354341845703125,2.41814367675781
3.53586633981655,9.39963571777344,-0.407014282226562,2.42293208007812
3.53797691691073,9.423577734375,-0.387860668945312,2.39899006347656
3.54008904939771,9.45230815429687,-0.373495458984375,2.37025964355469
3.54220118188469,9.41400092773437,-0.339976635742188,2.4133552734375
3.54431331437167,9.40921252441406,-0.373495458984375,2.4133552734375
3.54970837247714,9.42836613769531,-0.387860668945312,2.40856687011719
3.55510343058261,9.423577734375,-0.387860668945312,2.38941325683594
3.56049848868808,9.40921252441406,-0.411802685546875,2.35110603027344
3.56265084555386,9.40921252441406,-0.387860668945312,2.37983645019531
3.56480320241963,9.42836613769531,-0.339976635742188,2.32716401367187
3.56695555928541,9.40921252441406,-0.368707055664062,2.43250888671875
3.56907381247281,9.43315454101563,-0.349553442382812,2.40856687011719
3.5711920656602,9.43794294433594,-0.36391865234375,2.42772048339844
3.57331031884759,9.43315454101563,-0.354341845703125,2.4516625
3.57542050900601,9.3852705078125,-0.32561142578125,2.36547124023437
3.57753069916444,9.44751975097656,-0.339976635742188,2.40856687011719
3.57964088932286,9.423577734375,-0.368707055664062,2.41814367675781
3.58175193587233,9.43315454101563,-0.397437475585937,2.46123930664062
3.58386298242181,9.41878933105469,-0.392649072265625,2.38941325683594
3.58597402897129,9.39963571777344,-0.445321508789062,2.38941325683594
3.58815480121521,9.43315454101563,-0.430956298828125,2.44208569335937
3.59033557345913,9.39484731445313,-0.387860668945312,2.42772048339844
3.59251634570306,9.41400092773437,-0.378283862304687,2.47081611328125
3.59469716623257,9.423577734375,-0.359130249023437,2.44687409667969
3.59687798676209,9.423577734375,-0.32561142578125,2.44687409667969
3.5990588072916,9.39484731445313,-0.354341845703125,2.36068283691406
3.60120401177294,9.39963571777344,-0.354341845703125,2.37983645019531
3.60334921625428,9.39005891113281,-0.373495458984375,2.42293208007812
3.60549442073561,9.39484731445313,-0.383072265625,2.40856687011719
3.60760438319221,9.41400092773437,-0.373495458984375,2.375048046875
3.60971434564881,9.41400092773437,-0.373495458984375,2.42293208007812
3.6118243081054,9.41878933105469,-0.392649072265625,2.42293208007812
3.61393504747172,9.39005891113281,-0.373495458984375,2.4133552734375
3.61604578683804,9.37090529785156,-0.339976635742188,2.40377846679687
3.61815652620436,9.40921252441406,-0.387860668945312,2.4133552734375
3.62033745616313,9.39484731445313,-0.426167895507812,2.39420166015625
3.6225183861219,9.39963571777344,-0.359130249023437,2.37983645019531
3.62469931608067,9.41400092773437,-0.392649072265625,2.375048046875
3.62688156884759,9.43794294433594,-0.349553442382812,2.38941325683594
3.62906382161452,9.40921252441406,-0.354341845703125,2.42293208007812
3.63124607438145,9.41878933105469,-0.397437475585937,2.44208569335937
3.63339384201382,9.423577734375,-0.349553442382812,2.47081611328125
3.6355416096462,9.41400092773437,-0.378283862304687,2.40856687011719
3.63768937727858,9.40442412109375,-0.373495458984375,2.36547124023437
3.6398024806857,9.39484731445313,-0.397437475585937,2.44208569335937
3.64191558409282,9.44273134765625,-0.387860668945312,2.42772048339844
3.64402868749994,9.39963571777344,-0.416591088867187,2.4133552734375
3.64614154340272,9.39005891113281,-0.373495458984375,2.39420166015625
3.64825439930549,9.36611689453125,-0.359130249023437,2.4516625
3.65036725520827,9.41400092773437,-0.383072265625,2.37025964355469
3.65255062527121,9.423577734375,-0.36391865234375,2.44687409667969
3.65473399533414,9.39005891113281,-0.40222587890625,2.46602770996094
3.65691736539707,9.40921252441406,-0.392649072265625,2.47081611328125
3.65910217664924,9.40442412109375,-0.378283862304687,2.375048046875
3.66128698790141,9.39005891113281,-0.435744702148437,2.36547124023437
3.66347179915358,9.3852705078125,-0.430956298828125,2.42293208007812
3.66565356358501,9.43315454101563,-0.430956298828125,2.40856687011719
3.66783532801643,9.39005891113281,-0.407014282226562,2.40377846679687
3.67001709244786,9.43794294433594,-0.368707055664062,2.42772048339844
3.67216239534499,9.43794294433594,-0.36391865234375,2.4133552734375
3.67430769824213,9.43315454101563,-0.378283862304687,2.34152922363281
3.67645300113927,9.46667336425781,-0.36391865234375,2.39899006347656
3.67859673448345,9.44273134765625,-0.368707055664062,2.36068283691406
3.68074046782763,9.40442412109375,-0.392649072265625,2.39899006347656
3.68288420117182,9.423577734375,-0.392649072265625,2.48039291992187
3.68506322862407,9.41400092773437,-0.416591088867187,2.39899006347656
3.68724225607633,9.44273134765625,-0.407014282226562,2.34631762695312
3.68942128352858,9.41400092773437,-0.40222587890625,2.42293208007812
3.69159988254117,9.43315454101563,-0.416591088867187,2.4899697265625
3.69377848155376,9.43794294433594,-0.426167895507812,2.38941325683594
3.69595708056635,9.3852705078125,-0.426167895507812,2.30322199707031
3.69810142350255,9.43794294433594,-0.392649072265625,2.38462485351562
3.70024576643874,9.39484731445313,-0.411802685546875,2.44687409667969
3.70239010937494,9.40921252441406,-0.36391865234375,2.38462485351562
3.70450218587234,9.40921252441406,-0.407014282226562,2.4133552734375
3.70661426236973,9.39963571777344,-0.330399829101562,2.35589443359375
3.70872633886713,9.44273134765625,-0.330399829101562,2.39420166015625
3.71090742827685,9.43315454101563,-0.36391865234375,2.44687409667969
3.71308851768657,9.43794294433594,-0.397437475585937,2.46602770996094
3.7152696070963,9.42836613769531,-0.392649072265625,2.35589443359375
3.71745007139751,9.39005891113281,-0.40222587890625,2.43729729003906
3.71963053569872,9.39005891113281,-0.407014282226562,2.43729729003906
3.72181099999994,9.3852705078125,-0.407014282226562,2.34152922363281
3.72399156401904,9.42836613769531,-0.407014282226562,2.42772048339844
3.72617212803813,9.423577734375,-0.373495458984375,2.3367408203125
3.72835269205723,9.42836613769531,-0.397437475585937,2.43250888671875
3.73050020730246,9.41400092773437,-0.397437475585937,2.44208569335937
3.73264772254769,9.36611689453125,-0.32561142578125,2.375048046875
3.73479523779291,9.423577734375,-0.3447650390625,2.42293208007812
3.73698006993267,9.41878933105469,-0.411802685546875,2.43250888671875
3.73916490207243,9.38048210449219,-0.359130249023437,2.43250888671875
3.74134973421218,9.41400092773437,-0.392649072265625,2.43250888671875
3.74353473925776,9.423577734375,-0.349553442382812,2.38941325683594
3.74571974430333,9.40921252441406,-0.3447650390625,2.40856687011719
3.7479047493489,9.44751975097656,-0.378283862304687,2.40856687011719
3.75008932307937,9.42836613769531,-0.359130249023437,2.41814367675781
3.75227389680984,9.39963571777344,-0.368707055664062,2.38462485351562
3.75445847054031,9.423577734375,-0.36391865234375,2.39899006347656
3.75664336561409,9.39005891113281,-0.426167895507812,2.37025964355469
3.75882826068788,9.39963571777344,-0.378283862304687,2.40377846679687
3.76101315576166,9.39484731445313,-0.354341845703125,2.40856687011719
3.76312315489361,9.39005891113281,-0.368707055664062,2.40377846679687
3.76523315402556,9.41878933105469,-0.3447650390625,2.42772048339844
3.7673431531575,9.41400092773437,-0.373495458984375,2.40377846679687
3.76930232074648,9.41400092773437,-0.3447650390625,2.41814367675781
3.77126148833546,9.4618849609375,-0.407014282226562,2.44208569335937
3.77322065592443,9.44273134765625,-0.368707055664062,2.46602770996094
3.77517263883459,9.40442412109375,-0.392649072265625,2.40377846679687
3.77712462174475,9.41878933105469,-0.392649072265625,2.42293208007812
3.7790766046549,9.36132849121094,-0.392649072265625,2.4516625
3.78110361404076,9.41400092773437,-0.378283862304687,2.41814367675781
3.78313062342661,9.42836613769531,-0.368707055664062,2.36547124023437
3.78515763281246,9.42836613769531,-0.36391865234375,2.37983645019531
3.78718507269961,9.47146176757813,-0.392649072265625,2.44687409667969
3.78921251258676,9.41878933105469,-0.392649072265625,2.4133552734375
3.79123995247392,9.41400092773437,-0.36391865234375,2.39899006347656
3.79326732497826,9.45230815429687,-0.368707055664062,2.38462485351562
3.79529469748259,9.39963571777344,-0.373495458984375,2.43729729003906
3.79732206998693,9.41400092773437,-0.373495458984375,2.39420166015625
3.79934864355464,9.39963571777344,-0.383072265625,2.4516625
3.80137521712235,9.41400092773437,-0.349553442382812,2.4133552734375
3.80340179069005,9.40442412109375,-0.378283862304687,2.35110603027344
3.80542866083135,9.43794294433594,-0.36391865234375,2.46123930664062
3.80745553097265,9.43794294433594,-0.359130249023437,2.42772048339844
3.80948240111395,9.39005891113281,-0.368707055664062,2.41814367675781
3.81151170896021,9.41400092773437,-0.383072265625,2.44208569335937
3.81354101680646,9.41878933105469,-0.354341845703125,2.44208569335937
3.81557032465272,9.41400092773437,-0.397437475585937,2.39899006347656
3.82179753153929,9.41878933105469,-0.387860668945312,2.42293208007812
3.82802473842586,9.41400092773437,-0.339976635742188,2.38941325683594
3.83425194531243,9.41878933105469,-0.392649072265625,2.43729729003906
3.8363453565429,9.38048210449219,-0.368707055664062,2.43729729003906
3.83843876777337,9.41400092773437,-0.349553442382812,2.4133552734375
3.84053217900384,9.44273134765625,-0.411802685546875,2.45645090332031
3.84259890811625,9.39963571777344,-0.3447650390625,2.44687409667969
3.84466563722866,9.41400092773437,-0.368707055664062,2.39899006347656
3.84673236634107,9.45709655761719,-0.383072265625,2.44208569335937
3.84877406893439,9.41400092773437,-0.359130249023437,2.42293208007812
3.8508157715277,9.44751975097656,-0.368707055664062,2.39899006347656
3.85285747412102,9.40442412109375,-0.378283862304687,2.34631762695312
3.85496315749775,9.41878933105469,-0.359130249023437,2.40377846679687
3.85706884087449,9.39484731445313,-0.349553442382812,2.39420166015625
3.85917452425122,9.40921252441406,-0.339976635742188,2.44208569335937
3.86127988172735,9.40442412109375,-0.3447650390625,2.44208569335937
3.86338523920348,9.41878933105469,-0.359130249023437,2.43250888671875
3.86549059667961,9.39484731445313,-0.349553442382812,2.37983645019531
3.86759510313577,9.36132849121094,-0.339976635742188,2.42772048339844
3.86969960959194,9.43794294433594,-0.3447650390625,2.44687409667969
3.8718041160481,9.43315454101563,-0.349553442382812,2.42293208007812
3.87390843744567,9.3852705078125,-0.383072265625,2.46123930664062
3.87601275884324,9.39484731445313,-0.373495458984375,2.38462485351562
3.87811708024081,9.40442412109375,-0.378283862304687,2.37025964355469
3.88018907758239,9.423577734375,-0.335188232421875,2.42293208007812
3.88226107492397,9.45230815429687,-0.311246215820312,2.40856687011719
3.88433307226555,9.43794294433594,-0.339976635742188,2.40377846679687
3.88644136952033,9.39963571777344,-0.359130249023437,2.40377846679687
3.8885496667751,9.39005891113281,-0.354341845703125,2.40856687011719
3.89065796402987,9.38048210449219,-0.3447650390625,2.375048046875
3.89272931363925,9.41400092773437,-0.378283862304687,2.4133552734375
3.89480066324862,9.40442412109375,-0.368707055664062,2.39420166015625
3.896872012858,9.39963571777344,-0.378283862304687,2.40377846679687
3.89890531157761,9.41878933105469,-0.32561142578125,2.37025964355469
3.90093861029723,9.423577734375,-0.335188232421875,2.4133552734375
3.90297190901685,9.41400092773437,-0.387860668945312,2.41814367675781
3.90499847504332,9.41878933105469,-0.392649072265625,2.34631762695312
3.9070250410698,9.39963571777344,-0.335188232421875,2.38941325683594
3.90905160709628,9.43315454101563,-0.354341845703125,2.42772048339844
3.91107252224385,9.40921252441406,-0.40222587890625,2.39899006347656
3.91309343739141,9.40442412109375,-0.359130249023437,2.37025964355469
3.91511435253898,9.40921252441406,-0.36391865234375,2.44208569335937
3.91720436561407,9.41400092773437,-0.40222587890625,2.43729729003906
3.91929437868916,9.39484731445313,-0.387860668945312,2.44687409667969
3.92138439176425,9.3852705078125,-0.373495458984375,2.46123930664062
3.92347509852423,9.40921252441406,-0.378283862304687,2.46602770996094
3.92556580528421,9.43315454101563,-0.368707055664062,2.41814367675781
3.92765651204419,9.43315454101563,-0.368707055664062,2.44687409667969
3.92974769845913,9.42836613769531,-0.411802685546875,2.38941325683594
3.93183888487406,9.43794294433594,-0.378283862304687,2.43729729003906
3.93393007128899,9.43794294433594,-0.407014282226562,2.44208569335937
3.93600888929571,9.44273134765625,-0.373495458984375,2.49475812988281
3.93808770730244,9.43315454101563,-0.349553442382812,2.39899006347656
3.94016652530917,9.42836613769531,-0.407014282226562,2.44687409667969
3.94220753095153,9.42836613769531,-0.36391865234375,2.38941325683594
3.94424853659389,9.44751975097656,-0.40222587890625,2.38941325683594
3.94628954223625,9.45230815429687,-0.392649072265625,2.37983645019531
3.94839677726229,9.4618849609375,-0.392649072265625,2.32237561035156
3.95050401228833,9.42836613769531,-0.407014282226562,2.38462485351562
3.95261124731437,9.40921252441406,-0.387860668945312,2.38462485351562
3.95471955927184,9.423577734375,-0.368707055664062,2.43250888671875
3.9568278712293,9.45230815429687,-0.383072265625,2.43250888671875
3.95893618318677,9.43315454101563,-0.354341845703125,2.41814367675781
3.96104306979701,9.49061538085937,-0.36391865234375,2.37983645019531
3.96314995640725,9.46667336425781,-0.368707055664062,2.39420166015625
3.96525684301749,9.39005891113281,-0.387860668945312,2.4133552734375
3.967362015001,9.39963571777344,-0.373495458984375,2.4133552734375
3.96946718698451,9.3852705078125,-0.378283862304687,2.39899006347656
3.97157235896801,9.41878933105469,-0.368707055664062,2.44208569335937
3.97361062198885,9.40921252441406,-0.368707055664062,2.41814367675781
3.97564888500968,9.41878933105469,-0.445321508789062,2.37983645019531
3.97768714803051,9.41878933105469,-0.383072265625,2.35110603027344
3.9797940853135,9.42836613769531,-0.411802685546875,2.4133552734375
3.98190102259649,9.423577734375,-0.392649072265625,2.39899006347656
3.98400795987947,9.39484731445313,-0.354341845703125,2.4133552734375
3.98611592862947,9.40921252441406,-0.359130249023437,2.42772048339844
3.98822389737947,9.37569370117187,-0.311246215820312,2.40856687011719
3.99033186612947,9.44751975097656,-0.3447650390625,2.40377846679687
3.99244040432391,9.40921252441406,-0.368707055664062,2.45645090332031
3.99454894251836,9.42836613769531,-0.383072265625,2.44687409667969
3.9966574807128,9.47625017089844,-0.373495458984375,2.38462485351562
3.99876617732738,9.41878933105469,-0.373495458984375,2.43250888671875
4.00087487394197,9.39005891113281,-0.368707055664062,2.42293208007812
4.00298357055655,9.39963571777344,-0.368707055664062,2.375048046875
4.00477781209301,9.41400092773437,-0.430956298828125,2.40856687011719
4.00657205362947,9.43315454101563,-0.378283862304687,2.44687409667969
4.00836629516593,9.41878933105469,-0.387860668945312,2.39899006347656
4.01022982999666,9.3852705078125,-0.387860668945312,2.34152922363281
4.01209336482739,9.37090529785156,-0.373495458984375,2.38462485351562
4.01395689965812,9.40921252441406,-0.378283862304687,2.42293208007812
4.01582245499666,9.423577734375,-0.373495458984375,2.37025964355469
4.0176880103352,9.42836613769531,-0.373495458984375,2.42293208007812
4.01955356567374,9.39005891113281,-0.368707055664062,2.3367408203125
4.02141998266593,9.423577734375,-0.368707055664062,2.4133552734375
4.02328639965812,9.43315454101563,-0.368707055664062,2.36547124023437
4.02515281665031,9.39963571777344,-0.40222587890625,2.36068283691406
4.02702044870326,9.41878933105469,-0.373495458984375,2.42293208007812
4.02888808075621,9.43315454101563,-0.387860668945312,2.39420166015625
4.03075571280916,9.44273134765625,-0.392649072265625,2.39420166015625
4.03262286363381,9.41400092773437,-0.36391865234375,2.38941325683594
4.03449001445846,9.41878933105469,-0.40222587890625,2.48039291992187
4.03635716528312,9.43315454101563,-0.411802685546875,2.41814367675781
4.03829320347756,9.3852705078125,-0.368707055664062,2.39420166015625
4.040229241672,9.39484731445313,-0.411802685546875,2.39899006347656
4.04216527986645,9.40921252441406,-0.40222587890625,2.40856687011719
4.0441785432128,9.39484731445313,-0.383072265625,2.38941325683594
4.04619180655915,9.37569370117187,-0.368707055664062,2.38462485351562
4.04820506990551,9.39963571777344,-0.383072265625,2.38462485351562
4.05021989032652,9.39484731445313,-0.411802685546875,2.42772048339844
4.05223471074752,9.39005891113281,-0.426167895507812,2.39899006347656
4.05424953116853,9.423577734375,-0.426167895507812,2.43729729003906
4.05626613327357,9.43315454101563,-0.383072265625,2.40377846679687
4.0582827353786,9.37569370117187,-0.407014282226562,2.45645090332031
4.06029933748364,9.39963571777344,-0.411802685546875,2.42772048339844
4.06231771953659,9.40442412109375,-0.40222587890625,2.39899006347656
4.06433610158954,9.41878933105469,-0.387860668945312,2.37983645019531
4.06635448364249,9.36132849121094,-0.373495458984375,2.34152922363281
4.06837410462773,9.41400092773437,-0.40222587890625,2.37983645019531
4.07039372561298,9.40442412109375,-0.40222587890625,2.52348854980469
4.07241334659822,9.423577734375,-0.387860668945312,2.38462485351562
4.07443342563196,9.39484731445313,-0.397437475585937,2.42772048339844
4.07645350466571,9.41878933105469,-0.373495458984375,2.44208569335937
4.07847358369945,9.40921252441406,-0.4213794921875,2.35589443359375
4.08364072070304,9.41878933105469,-0.373495458984375,2.4133552734375
4.08880785770662,9.41400092773437,-0.359130249023437,2.46123930664062
4.0939749947102,9.40442412109375,-0.335188232421875,2.36547124023437
4.09606450859909,9.44751975097656,-0.36391865234375,2.41814367675781
4.09815402248798,9.41878933105469,-0.407014282226562,2.37025964355469
4.10024353637686,9.43315454101563,-0.36391865234375,2.35589443359375
4.10233432641593,9.41400092773437,-0.354341845703125,2.37025964355469
4.10442511645499,9.45709655761719,-0.3447650390625,2.3367408203125
4.10651590649405,9.46667336425781,-0.397437475585937,2.38941325683594
4.10860759659822,9.47146176757813,-0.3447650390625,2.36547124023437
4.11069928670239,9.41400092773437,-0.354341845703125,2.36068283691406
4.11279097680656,9.39963571777344,-0.335188232421875,2.39420166015625
4.11483238197149,9.41400092773437,-0.339976635742188,2.40856687011719
4.11687378713642,9.41878933105469,-0.339976635742188,2.42293208007812
4.11891519230135,9.423577734375,-0.411802685546875,2.38462485351562
4.12102588587774,9.3852705078125,-0.378283862304687,2.42772048339844
4.12313657945413,9.39005891113281,-0.411802685546875,2.42772048339844
4.12524727303052,9.40921252441406,-0.383072265625,2.38462485351562
4.12735916886385,9.39963571777344,-0.40222587890625,2.39899006347656
4.12947106469718,9.44751975097656,-0.373495458984375,2.40377846679687
4.13158296053051,9.423577734375,-0.373495458984375,2.42293208007812
4.13369551554353,9.39963571777344,-0.40222587890625,2.4133552734375
4.13580807055656,9.45709655761719,-0.335188232421875,2.38462485351562
4.13792062556958,9.38048210449219,-0.397437475585937,2.39420166015625
4.14003111667201,9.40921252441406,-0.397437475585937,2.47081611328125
4.14214160777444,9.34696328125,-0.3447650390625,2.37025964355469
4.14425209887687,9.36611689453125,-0.40222587890625,2.32716401367187
4.1462924509819,9.43794294433594,-0.392649072265625,2.39899006347656
4.14833280308694,9.39484731445313,-0.40222587890625,2.375048046875
4.15037315519198,9.39005891113281,-0.383072265625,2.43250888671875
4.15248256816941,9.41400092773437,-0.36391865234375,2.41814367675781
4.15459198114684,9.39005891113281,-0.387860668945312,2.43250888671875
4.15670139412427,9.39484731445313,-0.383072265625,2.39420166015625
4.15881272268329,9.43794294433594,-0.392649072265625,2.34152922363281
4.16092405124232,9.40442412109375,-0.378283862304687,2.42772048339844
4.16303537980135,9.41878933105469,-0.36391865234375,2.44687409667969
4.16514698190638,9.45709655761719,-0.416591088867187,2.32716401367187
4.16725858401142,9.42836613769531,-0.354341845703125,2.41814367675781
4.16937018611645,9.39963571777344,-0.392649072265625,2.31758720703125
4.17147980297843,9.4618849609375,-0.40222587890625,2.38462485351562
4.17358941984041,9.40921252441406,-0.397437475585937,2.44208569335937
4.17569903670239,9.39963571777344,-0.411802685546875,2.39420166015625
4.17773968915465,9.44751975097656,-0.430956298828125,2.375048046875
4.1797803416069,9.41878933105469,-0.40222587890625,2.375048046875
4.18182099405916,9.41400092773437,-0.387860668945312,2.33195241699219
4.18393179722756,9.41400092773437,-0.368707055664062,2.3367408203125
4.18604260039597,9.423577734375,-0.349553442382812,2.45645090332031
4.18815340356437,9.43315454101563,-0.359130249023437,2.43250888671875
4.19026461124666,9.39484731445313,-0.387860668945312,2.36547124023437
4.19237581892895,9.41878933105469,-0.373495458984375,2.37983645019531
4.19448702661125,9.423577734375,-0.4213794921875,2.40377846679687
4.19659811254875,9.41878933105469,-0.392649072265625,2.38941325683594
4.19870919848625,9.41878933105469,-0.407014282226562,2.37983645019531
4.20082028442375,9.38048210449219,-0.383072265625,2.45645090332031
4.20293134800882,9.40442412109375,-0.392649072265625,2.36068283691406
4.20504241159388,9.40442412109375,-0.397437475585937,2.39899006347656
4.20715347517895,9.41400092773437,-0.44053310546875,2.4133552734375
4.20919537980135,9.40921252441406,-0.383072265625,2.43729729003906
4.21123728442375,9.39484731445313,-0.392649072265625,2.39899006347656
4.21327918904615,9.41878933105469,-0.368707055664062,2.40856687011719
4.21539039021802,9.43315454101563,-0.392649072265625,2.39899006347656
4.2175015913899,9.39963571777344,-0.392649072265625,2.4133552734375
4.21961279256177,9.40921252441406,-0.387860668945312,2.39899006347656
4.22172475556091,9.41878933105469,-0.373495458984375,2.43250888671875
4.22383671856004,9.423577734375,-0.373495458984375,2.35589443359375
4.22594868155917,9.39484731445313,-0.411802685546875,2.39420166015625
4.22806128550883,9.423577734375,-0.359130249023437,2.40856687011719
4.23017388945848,9.38048210449219,-0.3447650390625,2.38462485351562
4.23228649340813,9.37090529785156,-0.3447650390625,2.43729729003906
4.23439818676751,9.37569370117187,-0.368707055664062,2.40377846679687
4.23650988012688,9.39963571777344,-0.383072265625,2.48039291992187
4.23862157348625,9.43794294433594,-0.40222587890625,2.39420166015625
4.24066370445414,9.39005891113281,-0.373495458984375,2.34631762695312
4.24270583542202,9.41400092773437,-0.392649072265625,2.39899006347656
4.2447479663899,9.42836613769531,-0.349553442382812,2.42772048339844
4.24688074557827,9.40442412109375,-0.368707055664062,2.39899006347656
4.24901352476664,9.41400092773437,-0.36391865234375,2.38941325683594
4.25114630395501,9.40442412109375,-0.383072265625,2.38462485351562
4.25327828540032,9.39963571777344,-0.383072265625,2.41814367675781
4.25541026684563,9.44751975097656,-0.411802685546875,2.39899006347656
4.25754224829094,9.43315454101563,-0.397437475585937,2.375048046875
4.25967326836473,9.43794294433594,-0.359130249023437,2.41814367675781
4.26180428843851,9.41878933105469,-0.397437475585937,2.43250888671875
4.2639353085123,9.41878933105469,-0.311246215820312,2.45645090332031
4.26606376554355,9.40921252441406,-0.330399829101562,2.42772048339844
4.2681922225748,9.39963571777344,-0.368707055664062,2.38941325683594
4.27032067960605,9.43794294433594,-0.349553442382812,2.36547124023437
4.27237902954095,9.40921252441406,-0.368707055664062,2.43250888671875
4.27443737947584,9.39005891113281,-0.397437475585937,2.4133552734375
4.27649572941074,9.40442412109375,-0.383072265625,2.42772048339844
4.27860475035258,9.41878933105469,-0.387860668945312,2.41814367675781
4.28071377129442,9.42836613769531,-0.36391865234375,2.46123930664062
4.28282279223626,9.39484731445313,-0.378283862304687,2.38941325683594
4.28493148342549,9.39963571777344,-0.407014282226562,2.39899006347656
4.28704017461473,9.42836613769531,-0.378283862304687,2.38462485351562
4.28914886580396,9.40921252441406,-0.387860668945312,2.4133552734375
4.29125669642462,9.40921252441406,-0.387860668945312,2.47081611328125
4.29336452704528,9.36611689453125,-0.383072265625,2.39899006347656
4.29547235766594,9.36611689453125,-0.354341845703125,2.38462485351562
4.29757877476663,9.38048210449219,-0.368707055664062,2.41814367675781
4.29968519186733,9.39484731445313,-0.407014282226562,2.42772048339844
4.30179160896802,9.40921252441406,-0.373495458984375,2.44208569335937
4.30382783737514,9.44273134765625,-0.416591088867187,2.39899006347656
4.30586406578226,9.39484731445313,-0.387860668945312,2.42772048339844
4.30790029418938,9.39484731445313,-0.349553442382812,2.36068283691406
4.3099316773274,9.39005891113281,-0.36391865234375,2.39899006347656
4.31196306046542,9.41878933105469,-0.378283862304687,2.43250888671875
4.31399444360344,9.38048210449219,-0.411802685546875,2.38462485351562
4.31602618589945,9.44751975097656,-0.378283862304687,2.42293208007812
4.31805792819545,9.40921252441406,-0.378283862304687,2.37983645019531
4.32008967049146,9.3852705078125,-0.36391865234375,2.37025964355469
4.32212030612514,9.39484731445313,-0.392649072265625,2.42772048339844
4.32415094175882,9.39963571777344,-0.383072265625,2.39420166015625
4.3261815773925,9.42836613769531,-0.359130249023437,2.38941325683594
4.32821445163295,9.423577734375,-0.383072265625,2.36547124023437
4.3302473258734,9.40442412109375,-0.373495458984375,2.4516625
4.33228020011386,9.41400092773437,-0.383072265625,2.42772048339844
4.33438356057392,9.43315454101563,-0.411802685546875,2.375048046875
4.33648692103399,9.43315454101563,-0.383072265625,2.43729729003906
4.33859028149406,9.45709655761719,-0.3447650390625,2.42293208007812
4.3406918383517,9.42836613769531,-0.359130249023437,2.43729729003906
4.34279339520934,9.41878933105469,-0.3447650390625,2.4133552734375
4.34489495206698,9.39005891113281,-0.349553442382812,2.40856687011719
4.34697161151793,9.40442412109375,-0.354341845703125,2.36068283691406
4.34904827096889,9.43794294433594,-0.383072265625,2.39899006347656
4.35112493041984,9.41400092773437,-0.426167895507812,2.42772048339844
4.35316912263989,9.41400092773437,-0.335188232421875,2.4133552734375
4.35521331485995,9.40921252441406,-0.383072265625,2.43250888671875
4.35725750708,9.39963571777344,-0.359130249023437,2.37983645019531
4.35936744409172,9.39005891113281,-0.383072265625,2.43729729003906
4.36147738110343,9.40442412109375,-0.373495458984375,2.40377846679687
4.36358731811515,9.37569370117187,-0.36391865234375,2.36068283691406
4.36569718204744,9.423577734375,-0.378283862304687,2.37025964355469
4.36780704597973,9.41878933105469,-0.368707055664062,2.43250888671875
4.36991690991202,9.39484731445313,-0.3447650390625,2.42772048339844
4.37202601890725,9.43794294433594,-0.349553442382812,2.375048046875
4.37413512790247,9.42836613769531,-0.387860668945312,2.35589443359375
4.37624423689769,9.37569370117187,-0.368707055664062,2.34631762695312
4.3783518971082,9.39484731445313,-0.397437475585937,2.39420166015625
4.3804595573187,9.42836613769531,-0.40222587890625,2.40377846679687
4.38256721752921,9.45230815429687,-0.4213794921875,2.36068283691406
4.38464013728832,9.36611689453125,-0.368707055664062,2.44208569335937
4.38671305704744,9.40442412109375,-0.383072265625,2.39420166015625
4.38878597680655,9.41400092773437,-0.354341845703125,2.39420166015625
4.39082378632261,9.43315454101563,-0.378283862304687,2.36547124023437
4.39286159583867,9.37569370117187,-0.373495458984375,2.43729729003906
4.39489940535473,9.45230815429687,-0.349553442382812,2.36547124023437
4.39693977015507,9.41400092773437,-0.354341845703125,2.43250888671875
4.39898013495542,9.43315454101563,-0.368707055664062,2.41814367675781
4.40102049975577,9.39963571777344,-0.36391865234375,2.45645090332031
4.40312764298493,9.43794294433594,-0.3447650390625,2.35110603027344
4.4052347862141,9.43794294433594,-0.392649072265625,2.44208569335937
4.40734192944327,9.43794294433594,-0.373495458984375,2.45645090332031
4.40944878860125,9.44751975097656,-0.407014282226562,2.37025964355469
4.41155564775924,9.3852705078125,-0.373495458984375,2.38941325683594
4.41366250691722,9.39005891113281,-0.36391865234375,2.38941325683594
4.41573358194977,9.39484731445313,-0.407014282226562,2.43250888671875
4.41780465698233,9.40921252441406,-0.383072265625,2.42293208007812
4.41987573201488,9.3852705078125,-0.354341845703125,2.41814367675781
4.42191054060862,9.423577734375,-0.392649072265625,2.40377846679687
4.42394534920237,9.44273134765625,-0.349553442382812,2.39420166015625
4.42598015779612,9.41400092773437,-0.359130249023437,2.4516625
4.42801444360341,9.41400092773437,-0.373495458984375,2.42293208007812
4.4300487294107,9.40921252441406,-0.387860668945312,2.43250888671875
4.43208301521799,9.3852705078125,-0.407014282226562,2.39899006347656
4.43418692255306,9.41400092773437,-0.373495458984375,2.44208569335937
4.43629082988813,9.39484731445313,-0.397437475585937,2.4899697265625
4.4383947372232,9.3852705078125,-0.359130249023437,2.40377846679687
4.44049950903309,9.47625017089844,-0.378283862304687,2.37983645019531
4.44260428084299,9.423577734375,-0.368707055664062,2.39420166015625
4.44470905265288,9.44273134765625,-0.383072265625,2.40856687011719
4.44677819490549,9.44273134765625,-0.359130249023437,2.44208569335937
4.44884733715809,9.41400092773437,-0.407014282226562,2.43250888671875
4.45091647941069,9.423577734375,-0.387860668945312,2.38462485351562
4.4529494982909,9.37569370117187,-0.36391865234375,2.375048046875
4.45498251717111,9.40921252441406,-0.32561142578125,2.40856687011719
4.45701553605132,9.39005891113281,-0.373495458984375,2.43250888671875
4.45903307278092,9.4618849609375,-0.36391865234375,2.42772048339844
4.46105060951052,9.40921252441406,-0.40222587890625,2.42293208007812
4.46306814624012,9.4618849609375,-0.368707055664062,2.375048046875
4.4651392991264,9.38048210449219,-0.36391865234375,2.35589443359375
4.46721045201269,9.423577734375,-0.354341845703125,2.41814367675781
4.46928160489897,9.41878933105469,-0.397437475585937,2.40856687011719
4.47135340291329,9.39005891113281,-0.40222587890625,2.34631762695312
4.47342520092762,9.41878933105469,-0.36391865234375,2.4133552734375
4.47549699894194,9.40442412109375,-0.397437475585937,2.39899006347656
4.47755063104915,9.3852705078125,-0.36391865234375,2.4133552734375
4.47960426315635,9.40442412109375,-0.44053310546875,2.4133552734375
4.48165789526356,9.44273134765625,-0.40222587890625,2.45645090332031
4.48369265643977,9.41400092773437,-0.383072265625,2.43729729003906
4.48572741761599,9.41400092773437,-0.387860668945312,2.39420166015625
4.48776217879221,9.40921252441406,-0.359130249023437,2.36547124023437
4.48979838869889,9.39963571777344,-0.387860668945312,2.36068283691406
4.49183459860557,9.3852705078125,-0.373495458984375,2.39899006347656
4.49387080851226,9.39484731445313,-0.392649072265625,2.40377846679687
4.49597657348622,9.40442412109375,-0.378283862304687,2.40377846679687
4.49808233846018,9.40921252441406,-0.387860668945312,2.35589443359375
4.50018810343414,9.3852705078125,-0.349553442382812,2.35110603027344
4.50225832929134,9.42836613769531,-0.36391865234375,2.44687409667969
4.50432855514855,9.423577734375,-0.392649072265625,2.46602770996094
4.50639878100575,9.40921252441406,-0.387860668945312,2.41814367675781
4.50843390996626,9.39005891113281,-0.407014282226562,2.44208569335937
4.51046903892676,9.43315454101563,-0.44053310546875,2.38462485351562
4.51250416788726,9.36611689453125,-0.397437475585937,2.375048046875
4.51453875512685,9.3852705078125,-0.407014282226562,2.375048046875
4.51657334236643,9.40921252441406,-0.416591088867187,2.43250888671875
4.51860792960602,9.423577734375,-0.411802685546875,2.43729729003906
4.52064319029395,9.44273134765625,-0.378283862304687,2.37025964355469
4.52267845098188,9.40442412109375,-0.368707055664062,2.36547124023437
4.52471371166981,9.45230815429687,-0.40222587890625,2.40377846679687
4.52678410489898,9.39963571777344,-0.383072265625,2.4516625
4.52885449812815,9.40921252441406,-0.373495458984375,2.46602770996094
4.53092489135731,9.37569370117187,-0.383072265625,2.34152922363281
4.53295964954959,9.39005891113281,-0.383072265625,2.39420166015625
4.53499440774186,9.43794294433594,-0.383072265625,2.43250888671875
4.53702916593413,9.423577734375,-0.411802685546875,2.41814367675781
4.53906572262901,9.42836613769531,-0.397437475585937,2.41814367675781
4.54110227932389,9.39484731445313,-0.359130249023437,2.39899006347656
4.54313883601877,9.38048210449219,-0.383072265625,2.38941325683594
4.54517676863596,9.40921252441406,-0.383072265625,2.43250888671875
4.54721470125314,9.36611689453125,-0.392649072265625,2.38941325683594
4.54925263387033,9.39484731445313,-0.40222587890625,2.40856687011719
4.55129048369672,9.43315454101563,-0.359130249023437,2.42772048339844
4.55332833352311,9.40921252441406,-0.368707055664062,2.40377846679687
4.55536618334949,9.423577734375,-0.383072265625,2.42293208007812
4.55746918676746,9.39963571777344,-0.349553442382812,2.38462485351562
4.55957219018543,9.39484731445313,-0.397437475585937,2.39899006347656
4.5616751936034,9.4618849609375,-0.383072265625,2.38941325683594
4.56374420065635,9.40442412109375,-0.40222587890625,2.375048046875
4.5658132077093,9.40442412109375,-0.407014282226562,2.35589443359375
4.56788221476225,9.45230815429687,-0.392649072265625,2.39420166015625
4.56987824112943,9.4618849609375,-0.416591088867187,2.38462485351562
4.57187426749662,9.39963571777344,-0.411802685546875,2.42293208007812
4.57387029386381,9.41878933105469,-0.383072265625,2.4133552734375
4.57582798282865,9.40442412109375,-0.373495458984375,2.46123930664062
4.5777856717935,9.42836613769531,-0.416591088867187,2.40856687011719
4.57974336075834,9.43794294433594,-0.387860668945312,2.38462485351562
4.58170114596884,9.41878933105469,-0.378283862304687,2.37983645019531
4.58365893117935,9.41878933105469,-0.359130249023437,2.37025964355469
4.58561671638985,9.37569370117187,-0.397437475585937,2.43729729003906
4.58764420320626,9.40442412109375,-0.387860668945312,2.34631762695312
4.58967169002267,9.40921252441406,-0.378283862304687,2.46123930664062
4.59169917683908,9.42836613769531,-0.416591088867187,2.41814367675781
4.59372805395496,9.42836613769531,-0.373495458984375,2.38462485351562
4.59575693107085,9.45230815429687,-0.378283862304687,2.39899006347656
4.59778580818674,9.41878933105469,-0.368707055664062,2.35589443359375
4.59981341587988,9.423577734375,-0.407014282226562,2.37983645019531
4.60184102357302,9.43794294433594,-0.392649072265625,2.45645090332031
4.60386863126617,9.3852705078125,-0.383072265625,2.39420166015625
4.6058896341199,9.40921252441406,-0.378283862304687,2.36547124023437
4.60791063697363,9.41400092773437,-0.426167895507812,2.35589443359375
4.60993163982737,9.41400092773437,-0.339976635742188,2.4133552734375
4.61199826943891,9.40921252441406,-0.359130249023437,2.35110603027344
4.61406489905046,9.39963571777344,-0.40222587890625,2.39420166015625
4.61613152866201,9.40921252441406,-0.359130249023437,2.38941325683594
4.61817249661991,9.39005891113281,-0.373495458984375,2.375048046875
4.62021346457781,9.37569370117187,-0.3447650390625,2.38941325683594
4.62225443253571,9.39005891113281,-0.349553442382812,2.33195241699219
4.62428965459517,9.45709655761719,-0.378283862304687,2.41814367675781
4.62632487665463,9.39963571777344,-0.373495458984375,2.35589443359375
4.6283600987141,9.40921252441406,-0.368707055664062,2.35589443359375
4.63039554673927,9.423577734375,-0.3447650390625,2.45645090332031
4.63243099476445,9.39005891113281,-0.36391865234375,2.4516625
4.63446644278962,9.40921252441406,-0.383072265625,2.46123930664062
4.63650183666983,9.36611689453125,-0.330399829101562,2.40377846679687
4.63853723055004,9.42836613769531,-0.354341845703125,2.42293208007812
4.64057262443025,9.40442412109375,-0.359130249023437,2.32716401367187
4.64257228176532,9.40442412109375,-0.383072265625,2.40377846679687
4.64457193910039,9.40442412109375,-0.373495458984375,2.36547124023437
4.64657159643546,9.44273134765625,-0.359130249023437,2.37983645019531
4.64860239602313,9.39963571777344,-0.349553442382812,2.40856687011719
4.65063319561081,9.39005891113281,-0.407014282226562,2.37983645019531
4.65266399519848,9.40921252441406,-0.397437475585937,2.41814367675781
4.6546952540418,9.41878933105469,-0.383072265625,2.39420166015625
4.65672651288511,9.43315454101563,-0.359130249023437,2.40856687011719
4.65875777172843,9.38048210449219,-0.378283862304687,2.42772048339844
4.66078945222973,9.39484731445313,-0.407014282226562,2.43250888671875
4.66282113273103,9.3852705078125,-0.368707055664062,2.4516625
4.66485281323233,9.41400092773437,-0.36391865234375,2.36068283691406
4.66688301375317,9.44751975097656,-0.378283862304687,2.41814367675781
4.668913214274,9.42836613769531,-0.407014282226562,2.38941325683594
4.67094341479483,9.42836613769531,-0.397437475585937,2.39899006347656
4.67293824546974,9.42836613769531,-0.373495458984375,2.4133552734375
4.67493307614466,9.41878933105469,-0.383072265625,2.40377846679687
4.67692790681957,9.36611689453125,-0.36391865234375,2.47560451660156
4.67903847913945,9.39484731445313,-0.368707055664062,2.4133552734375
4.68114905145933,9.40442412109375,-0.378283862304687,2.43729729003906
4.6832596237792,9.41878933105469,-0.373495458984375,2.40856687011719
4.68536901456696,9.43315454101563,-0.373495458984375,2.39899006347656
4.68747840535473,9.40921252441406,-0.368707055664062,2.46602770996094
4.68958779614249,9.41400092773437,-0.378283862304687,2.4133552734375
4.69169594468849,9.39005891113281,-0.354341845703125,2.4133552734375
4.6938040932345,9.39963571777344,-0.368707055664062,2.39899006347656
4.6959122417805,9.39005891113281,-0.354341845703125,2.36547124023437
4.69801966653094,9.45709655761719,-0.383072265625,2.38941325683594
4.70012709128137,9.41878933105469,-0.373495458984375,2.38462485351562
4.7022345160318,9.423577734375,-0.4213794921875,2.42772048339844
4.70430653561731,9.41400092773437,-0.383072265625,2.40377846679687
4.70637855520281,9.41400092773437,-0.373495458984375,2.40856687011719
4.70845057478832,9.40921252441406,-0.359130249023437,2.40856687011719
